TweetID	Place27587	{u'full_name': u'Norwood, OH', u'url': u'https://api.twitter.com/1.1/geo/id/e18891c1461c61a9.json', u'country': u'Estados Unidos', u'place_type': u'city', u'bounding_box': {u'type': u'Polygon', u'coordinates': [[[-84.4738311, 39.1446961], [-84.433618, 39.1446961], [-84.433618, 39.178205], [-84.4738311, 39.178205]]]}, u'contained_within': [], u'country_code': u'US', u'attributes': {}, u'id': u'e18891c1461c61a9', u'name': u'Norwood'}	
27588	{u'full_name': u'Golf Manor, OH', u'url': u'https://api.twitter.com/1.1/geo/id/5c8e1a54e80af3f5.json', u'country': u'Estados Unidos', u'place_type': u'city', u'bounding_box': {u'type': u'Polygon', u'coordinates': [[[-84.455319, 39.182166], [-84.4378923, 39.182166], [-84.4378923, 39.197189], [-84.455319, 39.197189]]]}, u'contained_within': [], u'country_code': u'US', u'attributes': {}, u'id': u'5c8e1a54e80af3f5', u'name': u'Golf Manor'}	
27589	{u'full_name': u'White Oak, OH', u'url': u'https://api.twitter.com/1.1/geo/id/f23ba07ebf2e9c82.json', u'country': u'Estados Unidos', u'place_type': u'city', u'bounding_box': {u'type': u'Polygon', u'coordinates': [[[-84.637123, 39.2044085], [-84.569018, 39.2044085], [-84.569018, 39.232544], [-84.637123, 39.232544]]]}, u'contained_within': [], u'country_code': u'US', u'attributes': {}, u'id': u'f23ba07ebf2e9c82', u'name': u'White Oak'}	
27590	{u'full_name': u'Lockland, OH', u'url': u'https://api.twitter.com/1.1/geo/id/b6fcb63416068dca.json', u'country': u'Estados Unidos', u'place_type': u'city', u'bounding_box': {u'type': u'Polygon', u'coordinates': [[[-84.465839, 39.217371], [-84.4456688, 39.217371], [-84.4456688, 39.24176], [-84.465839, 39.24176]]]}, u'contained_within': [], u'country_code': u'US', u'attributes': {}, u'id': u'b6fcb63416068dca', u'name': u'Lockland'}	
27591	{u'full_name': u'Lincoln Heights, OH', u'url': u'https://api.twitter.com/1.1/geo/id/5de5f04388919891.json', u'country': u'Estados Unidos', u'place_type': u'city', u'bounding_box': {u'type': u'Polygon', u'coordinates': [[[-84.467769, 39.235577], [-84.4462678, 39.235577], [-84.4462678, 39.250195], [-84.467769, 39.250195]]]}, u'contained_within': [], u'country_code': u'US', u'attributes': {}, u'id': u'5de5f04388919891', u'name': u'Lincoln Heights'}	
27592	{u'full_name': u'Greenhills, OH', u'url': u'https://api.twitter.com/1.1/geo/id/c4cb0cb2b921e9d2.json', u'country': u'Estados Unidos', u'place_type': u'city', u'bounding_box': {u'type': u'Polygon', u'coordinates': [[[-84.536341, 39.259634], [-84.503097, 39.259634], [-84.503097, 39.2756161], [-84.536341, 39.2756161]]]}, u'contained_within': [], u'country_code': u'US', u'attributes': {}, u'id': u'c4cb0cb2b921e9d2', u'name': u'Greenhills'}	
27593	{u'full_name': u'Northbrook, OH', u'url': u'https://api.twitter.com/1.1/geo/id/aea5847916031795.json', u'country': u'Estados Unidos', u'place_type': u'city', u'bounding_box': {u'type': u'Polygon', u'coordinates': [[[-84.5968058, 39.233783], [-84.5663923, 39.233783], [-84.5663923, 39.2579562], [-84.5968058, 39.2579562]]]}, u'contained_within': [], u'country_code': u'US', u'attributes': {}, u'id': u'aea5847916031795', u'name': u'Northbrook'}	
27594	{u'full_name': u'Colerain, OH', u'url': u'https://api.twitter.com/1.1/geo/id/7bd07c2b35428bd5.json', u'country': u'Estados Unidos', u'place_type': u'city', u'bounding_box': {u'type': u'Polygon', u'coordinates': [[[-84.717285, 39.204358], [-84.562345, 39.204358], [-84.562345, 39.312056], [-84.717285, 39.312056]]]}, u'contained_within': [], u'country_code': u'US', u'attributes': {}, u'id': u'7bd07c2b35428bd5', u'name': u'Colerain'}	
27595	{u'full_name': u'White Oak, OH', u'url': u'https://api.twitter.com/1.1/geo/id/f23ba07ebf2e9c82.json', u'country': u'Estados Unidos', u'place_type': u'city', u'bounding_box': {u'type': u'Polygon', u'coordinates': [[[-84.637123, 39.2044085], [-84.569018, 39.2044085], [-84.569018, 39.232544], [-84.637123, 39.232544]]]}, u'contained_within': [], u'country_code': u'US', u'attributes': {}, u'id': u'f23ba07ebf2e9c82', u'name': u'White Oak'}	
27596	{u'full_name': u'Blue Ash, OH', u'url': u'https://api.twitter.com/1.1/geo/id/137e9418bbb125f5.json', u'country': u'Estados Unidos', u'place_type': u'city', u'bounding_box': {u'type': u'Polygon', u'coordinates': [[[-84.415272, 39.203372], [-84.354854, 39.203372], [-84.354854, 39.28067], [-84.415272, 39.28067]]]}, u'contained_within': [], u'country_code': u'US', u'attributes': {}, u'id': u'137e9418bbb125f5', u'name': u'Blue Ash'}	
27597	{u'full_name': u'Montgomery, OH', u'url': u'https://api.twitter.com/1.1/geo/id/2c1796fb117fcf54.json', u'country': u'Estados Unidos', u'place_type': u'city', u'bounding_box': {u'type': u'Polygon', u'coordinates': [[[-84.373161, 39.219585], [-84.308574, 39.219585], [-84.308574, 39.27673], [-84.373161, 39.27673]]]}, u'contained_within': [], u'country_code': u'US', u'attributes': {}, u'id': u'2c1796fb117fcf54', u'name': u'Montgomery'}	
27598	{u'full_name': u'Deer Park, OH', u'url': u'https://api.twitter.com/1.1/geo/id/3a66081c38399259.json', u'country': u'Estados Unidos', u'place_type': u'city', u'bounding_box': {u'type': u'Polygon', u'coordinates': [[[-84.408979, 39.195804], [-84.385156, 39.195804], [-84.385156, 39.211216], [-84.408979, 39.211216]]]}, u'contained_within': [], u'country_code': u'US', u'attributes': {}, u'id': u'3a66081c38399259', u'name': u'Deer Park'}	
27599	{u'full_name': u'Sharonville, OH', u'url': u'https://api.twitter.com/1.1/geo/id/f4f98739e07e926f.json', u'country': u'Estados Unidos', u'place_type': u'city', u'bounding_box': {u'type': u'Polygon', u'coordinates': [[[-84.449769, 39.254798], [-84.3525674, 39.254798], [-84.3525674, 39.304105], [-84.449769, 39.304105]]]}, u'contained_within': [], u'country_code': u'US', u'attributes': {}, u'id': u'f4f98739e07e926f', u'name': u'Sharonville'}	
27600	{u'full_name': u'Anderson, OH', u'url': u'https://api.twitter.com/1.1/geo/id/6cdcf81b29a9bf4c.json', u'country': u'Estados Unidos', u'place_type': u'city', u'bounding_box': {u'type': u'Polygon', u'coordinates': [[[-84.423447, 39.0216], [-84.301914, 39.0216], [-84.301914, 39.151931], [-84.423447, 39.151931]]]}, u'contained_within': [], u'country_code': u'US', u'attributes': {}, u'id': u'6cdcf81b29a9bf4c', u'name': u'Anderson'}	
27601	{u'full_name': u'Fort Thomas, KY', u'url': u'https://api.twitter.com/1.1/geo/id/e0a72e719203f0a5.json', u'country': u'Estados Unidos', u'place_type': u'city', u'bounding_box': {u'type': u'Polygon', u'coordinates': [[[-84.4753375, 39.0511926], [-84.432547, 39.0511926], [-84.432547, 39.1114638], [-84.4753375, 39.1114638]]]}, u'contained_within': [], u'country_code': u'US', u'attributes': {}, u'id': u'e0a72e719203f0a5', u'name': u'Fort Thomas'}	
27602	{u'full_name': u'Newport, KY', u'url': u'https://api.twitter.com/1.1/geo/id/25e7ede60b304d89.json', u'country': u'Estados Unidos', u'place_type': u'city', u'bounding_box': {u'type': u'Polygon', u'coordinates': [[[-84.504476, 39.064988], [-84.4611, 39.064988], [-84.4611, 39.1024267], [-84.504476, 39.1024267]]]}, u'contained_within': [], u'country_code': u'US', u'attributes': {}, u'id': u'25e7ede60b304d89', u'name': u'Newport'}	
27603	{u'full_name': u'Cincinnati, OH', u'url': u'https://api.twitter.com/1.1/geo/id/e444ecd51bd16ff3.json', u'country': u'Estados Unidos', u'place_type': u'city', u'bounding_box': {u'type': u'Polygon', u'coordinates': [[[-84.710722, 39.052962], [-84.3689026, 39.052962], [-84.3689026, 39.2211137], [-84.710722, 39.2211137]]]}, u'contained_within': [], u'country_code': u'US', u'attributes': {}, u'id': u'e444ecd51bd16ff3', u'name': u'Cincinnati'}	
27604	{u'full_name': u'Covington, KY', u'url': u'https://api.twitter.com/1.1/geo/id/9c38c3bbd6c69084.json', u'country': u'Estados Unidos', u'place_type': u'city', u'bounding_box': {u'type': u'Polygon', u'coordinates': [[[-84.5544416, 38.964564], [-84.479712, 38.964564], [-84.479712, 39.095317], [-84.5544416, 39.095317]]]}, u'contained_within': [], u'country_code': u'US', u'attributes': {}, u'id': u'9c38c3bbd6c69084', u'name': u'Covington'}	
27605	{u'full_name': u'Taylor Mill, KY', u'url': u'https://api.twitter.com/1.1/geo/id/1b1a9aa55e0023bc.json', u'country': u'Estados Unidos', u'place_type': u'city', u'bounding_box': {u'type': u'Polygon', u'coordinates': [[[-84.524565, 38.985365], [-84.458827, 38.985365], [-84.458827, 39.0407163], [-84.524565, 39.0407163]]]}, u'contained_within': [], u'country_code': u'US', u'attributes': {}, u'id': u'1b1a9aa55e0023bc', u'name': u'Taylor Mill'}	
27606	{u'full_name': u'Fort Wright, KY', u'url': u'https://api.twitter.com/1.1/geo/id/38ce91044a32055f.json', u'country': u'Estados Unidos', u'place_type': u'city', u'bounding_box': {u'type': u'Polygon', u'coordinates': [[[-84.5697662, 39.004333], [-84.5115008, 39.004333], [-84.5115008, 39.082109], [-84.5697662, 39.082109]]]}, u'contained_within': [], u'country_code': u'US', u'attributes': {}, u'id': u'38ce91044a32055f', u'name': u'Fort Wright'}	
27607	{u'full_name': u'Newport, KY', u'url': u'https://api.twitter.com/1.1/geo/id/25e7ede60b304d89.json', u'country': u'Estados Unidos', u'place_type': u'city', u'bounding_box': {u'type': u'Polygon', u'coordinates': [[[-84.504476, 39.064988], [-84.4611, 39.064988], [-84.4611, 39.1024267], [-84.504476, 39.1024267]]]}, u'contained_within': [], u'country_code': u'US', u'attributes': {}, u'id': u'25e7ede60b304d89', u'name': u'Newport'}	
27608	{u'full_name': u'Villa Hills, KY', u'url': u'https://api.twitter.com/1.1/geo/id/b7bd48b75b8a55d6.json', u'country': u'Estados Unidos', u'place_type': u'city', u'bounding_box': {u'type': u'Polygon', u'coordinates': [[[-84.6230042, 39.045091], [-84.561637, 39.045091], [-84.561637, 39.080773], [-84.6230042, 39.080773]]]}, u'contained_within': [], u'country_code': u'US', u'attributes': {}, u'id': u'b7bd48b75b8a55d6', u'name': u'Villa Hills'}	
27609	{u'full_name': u'Cincinnati, OH', u'url': u'https://api.twitter.com/1.1/geo/id/e444ecd51bd16ff3.json', u'country': u'Estados Unidos', u'place_type': u'city', u'bounding_box': {u'type': u'Polygon', u'coordinates': [[[-84.710722, 39.052962], [-84.3689026, 39.052962], [-84.3689026, 39.2211137], [-84.710722, 39.2211137]]]}, u'contained_within': [], u'country_code': u'US', u'attributes': {}, u'id': u'e444ecd51bd16ff3', u'name': u'Cincinnati'}	
27610	{u'full_name': u'Delhi, OH', u'url': u'https://api.twitter.com/1.1/geo/id/c0227852f380ea8c.json', u'country': u'Estados Unidos', u'place_type': u'city', u'bounding_box': {u'type': u'Polygon', u'coordinates': [[[-84.694747, 39.078386], [-84.579445, 39.078386], [-84.579445, 39.124279], [-84.694747, 39.124279]]]}, u'contained_within': [], u'country_code': u'US', u'attributes': {}, u'id': u'c0227852f380ea8c', u'name': u'Delhi'}	
27611	{u'full_name': u'Cincinnati, OH', u'url': u'https://api.twitter.com/1.1/geo/id/e444ecd51bd16ff3.json', u'country': u'Estados Unidos', u'place_type': u'city', u'bounding_box': {u'type': u'Polygon', u'coordinates': [[[-84.710722, 39.052962], [-84.3689026, 39.052962], [-84.3689026, 39.2211137], [-84.710722, 39.2211137]]]}, u'contained_within': [], u'country_code': u'US', u'attributes': {}, u'id': u'e444ecd51bd16ff3', u'name': u'Cincinnati'}	
27612	{u'full_name': u'Cincinnati, OH', u'url': u'https://api.twitter.com/1.1/geo/id/e444ecd51bd16ff3.json', u'country': u'Estados Unidos', u'place_type': u'city', u'bounding_box': {u'type': u'Polygon', u'coordinates': [[[-84.710722, 39.052962], [-84.3689026, 39.052962], [-84.3689026, 39.2211137], [-84.710722, 39.2211137]]]}, u'contained_within': [], u'country_code': u'US', u'attributes': {}, u'id': u'e444ecd51bd16ff3', u'name': u'Cincinnati'}	
27613	{u'full_name': u'Delhi, OH', u'url': u'https://api.twitter.com/1.1/geo/id/c0227852f380ea8c.json', u'country': u'Estados Unidos', u'place_type': u'city', u'bounding_box': {u'type': u'Polygon', u'coordinates': [[[-84.694747, 39.078386], [-84.579445, 39.078386], [-84.579445, 39.124279], [-84.694747, 39.124279]]]}, u'contained_within': [], u'country_code': u'US', u'attributes': {}, u'id': u'c0227852f380ea8c', u'name': u'Delhi'}	
27614	{u'full_name': u'Cincinnati, OH', u'url': u'https://api.twitter.com/1.1/geo/id/e444ecd51bd16ff3.json', u'country': u'Estados Unidos', u'place_type': u'city', u'bounding_box': {u'type': u'Polygon', u'coordinates': [[[-84.710722, 39.052962], [-84.3689026, 39.052962], [-84.3689026, 39.2211137], [-84.710722, 39.2211137]]]}, u'contained_within': [], u'country_code': u'US', u'attributes': {}, u'id': u'e444ecd51bd16ff3', u'name': u'Cincinnati'}	
27615	{u'full_name': u'Cincinnati, OH', u'url': u'https://api.twitter.com/1.1/geo/id/e444ecd51bd16ff3.json', u'country': u'Estados Unidos', u'place_type': u'city', u'bounding_box': {u'type': u'Polygon', u'coordinates': [[[-84.710722, 39.052962], [-84.3689026, 39.052962], [-84.3689026, 39.2211137], [-84.710722, 39.2211137]]]}, u'contained_within': [], u'country_code': u'US', u'attributes': {}, u'id': u'e444ecd51bd16ff3', u'name': u'Cincinnati'}	
27616	{u'full_name': u'Cincinnati, OH', u'url': u'https://api.twitter.com/1.1/geo/id/e444ecd51bd16ff3.json', u'country': u'Estados Unidos', u'place_type': u'city', u'bounding_box': {u'type': u'Polygon', u'coordinates': [[[-84.710722, 39.052962], [-84.3689026, 39.052962], [-84.3689026, 39.2211137], [-84.710722, 39.2211137]]]}, u'contained_within': [], u'country_code': u'US', u'attributes': {}, u'id': u'e444ecd51bd16ff3', u'name': u'Cincinnati'}	
27617	{u'full_name': u'Cincinnati, OH', u'url': u'https://api.twitter.com/1.1/geo/id/e444ecd51bd16ff3.json', u'country': u'Estados Unidos', u'place_type': u'city', u'bounding_box': {u'type': u'Polygon', u'coordinates': [[[-84.710722, 39.052962], [-84.3689026, 39.052962], [-84.3689026, 39.2211137], [-84.710722, 39.2211137]]]}, u'contained_within': [], u'country_code': u'US', u'attributes': {}, u'id': u'e444ecd51bd16ff3', u'name': u'Cincinnati'}	
27618	{u'full_name': u'Cincinnati, OH', u'url': u'https://api.twitter.com/1.1/geo/id/e444ecd51bd16ff3.json', u'country': u'Estados Unidos', u'place_type': u'city', u'bounding_box': {u'type': u'Polygon', u'coordinates': [[[-84.710722, 39.052962], [-84.3689026, 39.052962], [-84.3689026, 39.2211137], [-84.710722, 39.2211137]]]}, u'contained_within': [], u'country_code': u'US', u'attributes': {}, u'id': u'e444ecd51bd16ff3', u'name': u'Cincinnati'}	
27619	{u'full_name': u'Ohio, USA', u'url': u'https://api.twitter.com/1.1/geo/id/de599025180e2ee7.json', u'country': u'Estados Unidos', u'place_type': u'admin', u'bounding_box': {u'type': u'Polygon', u'coordinates': [[[-84.8203089, 38.403186], [-80.518626, 38.403186], [-80.518626, 42.327133], [-84.8203089, 42.327133]]]}, u'contained_within': [], u'country_code': u'US', u'attributes': {}, u'id': u'de599025180e2ee7', u'name': u'Ohio'}	
27620	{u'full_name': u'Newport, KY', u'url': u'https://api.twitter.com/1.1/geo/id/25e7ede60b304d89.json', u'country': u'Estados Unidos', u'place_type': u'city', u'bounding_box': {u'type': u'Polygon', u'coordinates': [[[-84.504476, 39.064988], [-84.4611, 39.064988], [-84.4611, 39.1024267], [-84.504476, 39.1024267]]]}, u'contained_within': [], u'country_code': u'US', u'attributes': {}, u'id': u'25e7ede60b304d89', u'name': u'Newport'}	
27621	{u'full_name': u'Cincinnati, OH', u'url': u'https://api.twitter.com/1.1/geo/id/e444ecd51bd16ff3.json', u'country': u'Estados Unidos', u'place_type': u'city', u'bounding_box': {u'type': u'Polygon', u'coordinates': [[[-84.710722, 39.052962], [-84.3689026, 39.052962], [-84.3689026, 39.2211137], [-84.710722, 39.2211137]]]}, u'contained_within': [], u'country_code': u'US', u'attributes': {}, u'id': u'e444ecd51bd16ff3', u'name': u'Cincinnati'}	
27622	{u'full_name': u'Cincinnati, OH', u'url': u'https://api.twitter.com/1.1/geo/id/e444ecd51bd16ff3.json', u'country': u'Estados Unidos', u'place_type': u'city', u'bounding_box': {u'type': u'Polygon', u'coordinates': [[[-84.710722, 39.052962], [-84.3689026, 39.052962], [-84.3689026, 39.2211137], [-84.710722, 39.2211137]]]}, u'contained_within': [], u'country_code': u'US', u'attributes': {}, u'id': u'e444ecd51bd16ff3', u'name': u'Cincinnati'}	
27623	{u'full_name': u'Cincinnati, OH', u'url': u'https://api.twitter.com/1.1/geo/id/e444ecd51bd16ff3.json', u'country': u'Estados Unidos', u'place_type': u'city', u'bounding_box': {u'type': u'Polygon', u'coordinates': [[[-84.710722, 39.052962], [-84.3689026, 39.052962], [-84.3689026, 39.2211137], [-84.710722, 39.2211137]]]}, u'contained_within': [], u'country_code': u'US', u'attributes': {}, u'id': u'e444ecd51bd16ff3', u'name': u'Cincinnati'}	
27624	{u'full_name': u'Cincinnati, OH', u'url': u'https://api.twitter.com/1.1/geo/id/e444ecd51bd16ff3.json', u'country': u'Estados Unidos', u'place_type': u'city', u'bounding_box': {u'type': u'Polygon', u'coordinates': [[[-84.710722, 39.052962], [-84.3689026, 39.052962], [-84.3689026, 39.2211137], [-84.710722, 39.2211137]]]}, u'contained_within': [], u'country_code': u'US', u'attributes': {}, u'id': u'e444ecd51bd16ff3', u'name': u'Cincinnati'}	
27625	{u'full_name': u'Cincinnati, OH', u'url': u'https://api.twitter.com/1.1/geo/id/e444ecd51bd16ff3.json', u'country': u'Estados Unidos', u'place_type': u'city', u'bounding_box': {u'type': u'Polygon', u'coordinates': [[[-84.710722, 39.052962], [-84.3689026, 39.052962], [-84.3689026, 39.2211137], [-84.710722, 39.2211137]]]}, u'contained_within': [], u'country_code': u'US', u'attributes': {}, u'id': u'e444ecd51bd16ff3', u'name': u'Cincinnati'}	
27626	{u'full_name': u'Cincinnati, OH', u'url': u'https://api.twitter.com/1.1/geo/id/e444ecd51bd16ff3.json', u'country': u'Estados Unidos', u'place_type': u'city', u'bounding_box': {u'type': u'Polygon', u'coordinates': [[[-84.710722, 39.052962], [-84.3689026, 39.052962], [-84.3689026, 39.2211137], [-84.710722, 39.2211137]]]}, u'contained_within': [], u'country_code': u'US', u'attributes': {}, u'id': u'e444ecd51bd16ff3', u'name': u'Cincinnati'}	
27627	{u'full_name': u'Cincinnati, OH', u'url': u'https://api.twitter.com/1.1/geo/id/e444ecd51bd16ff3.json', u'country': u'Estados Unidos', u'place_type': u'city', u'bounding_box': {u'type': u'Polygon', u'coordinates': [[[-84.710722, 39.052962], [-84.3689026, 39.052962], [-84.3689026, 39.2211137], [-84.710722, 39.2211137]]]}, u'contained_within': [], u'country_code': u'US', u'attributes': {}, u'id': u'e444ecd51bd16ff3', u'name': u'Cincinnati'}	
27628	{u'full_name': u'Cincinnati, OH', u'url': u'https://api.twitter.com/1.1/geo/id/e444ecd51bd16ff3.json', u'country': u'Estados Unidos', u'place_type': u'city', u'bounding_box': {u'type': u'Polygon', u'coordinates': [[[-84.710722, 39.052962], [-84.3689026, 39.052962], [-84.3689026, 39.2211137], [-84.710722, 39.2211137]]]}, u'contained_within': [], u'country_code': u'US', u'attributes': {}, u'id': u'e444ecd51bd16ff3', u'name': u'Cincinnati'}	
27629	{u'full_name': u'Cincinnati, OH', u'url': u'https://api.twitter.com/1.1/geo/id/e444ecd51bd16ff3.json', u'country': u'Estados Unidos', u'place_type': u'city', u'bounding_box': {u'type': u'Polygon', u'coordinates': [[[-84.710722, 39.052962], [-84.3689026, 39.052962], [-84.3689026, 39.2211137], [-84.710722, 39.2211137]]]}, u'contained_within': [], u'country_code': u'US', u'attributes': {}, u'id': u'e444ecd51bd16ff3', u'name': u'Cincinnati'}	
27630	{u'full_name': u'Cincinnati, OH', u'url': u'https://api.twitter.com/1.1/geo/id/e444ecd51bd16ff3.json', u'country': u'Estados Unidos', u'place_type': u'city', u'bounding_box': {u'type': u'Polygon', u'coordinates': [[[-84.710722, 39.052962], [-84.3689026, 39.052962], [-84.3689026, 39.2211137], [-84.710722, 39.2211137]]]}, u'contained_within': [], u'country_code': u'US', u'attributes': {}, u'id': u'e444ecd51bd16ff3', u'name': u'Cincinnati'}	
27631	{u'full_name': u'Cincinnati, OH', u'url': u'https://api.twitter.com/1.1/geo/id/e444ecd51bd16ff3.json', u'country': u'Estados Unidos', u'place_type': u'city', u'bounding_box': {u'type': u'Polygon', u'coordinates': [[[-84.710722, 39.052962], [-84.3689026, 39.052962], [-84.3689026, 39.2211137], [-84.710722, 39.2211137]]]}, u'contained_within': [], u'country_code': u'US', u'attributes': {}, u'id': u'e444ecd51bd16ff3', u'name': u'Cincinnati'}	
27632	{u'full_name': u'Cincinnati, OH', u'url': u'https://api.twitter.com/1.1/geo/id/e444ecd51bd16ff3.json', u'country': u'Estados Unidos', u'place_type': u'city', u'bounding_box': {u'type': u'Polygon', u'coordinates': [[[-84.710722, 39.052962], [-84.3689026, 39.052962], [-84.3689026, 39.2211137], [-84.710722, 39.2211137]]]}, u'contained_within': [], u'country_code': u'US', u'attributes': {}, u'id': u'e444ecd51bd16ff3', u'name': u'Cincinnati'}	
27633	{u'full_name': u'Cincinnati, OH', u'url': u'https://api.twitter.com/1.1/geo/id/e444ecd51bd16ff3.json', u'country': u'Estados Unidos', u'place_type': u'city', u'bounding_box': {u'type': u'Polygon', u'coordinates': [[[-84.710722, 39.052962], [-84.3689026, 39.052962], [-84.3689026, 39.2211137], [-84.710722, 39.2211137]]]}, u'contained_within': [], u'country_code': u'US', u'attributes': {}, u'id': u'e444ecd51bd16ff3', u'name': u'Cincinnati'}	
27634	{u'full_name': u'Cincinnati, OH', u'url': u'https://api.twitter.com/1.1/geo/id/e444ecd51bd16ff3.json', u'country': u'Estados Unidos', u'place_type': u'city', u'bounding_box': {u'type': u'Polygon', u'coordinates': [[[-84.710722, 39.052962], [-84.3689026, 39.052962], [-84.3689026, 39.2211137], [-84.710722, 39.2211137]]]}, u'contained_within': [], u'country_code': u'US', u'attributes': {}, u'id': u'e444ecd51bd16ff3', u'name': u'Cincinnati'}	
27635	{u'full_name': u'Cincinnati, OH', u'url': u'https://api.twitter.com/1.1/geo/id/e444ecd51bd16ff3.json', u'country': u'Estados Unidos', u'place_type': u'city', u'bounding_box': {u'type': u'Polygon', u'coordinates': [[[-84.710722, 39.052962], [-84.3689026, 39.052962], [-84.3689026, 39.2211137], [-84.710722, 39.2211137]]]}, u'contained_within': [], u'country_code': u'US', u'attributes': {}, u'id': u'e444ecd51bd16ff3', u'name': u'Cincinnati'}	
27636	{u'full_name': u'Cincinnati, OH', u'url': u'https://api.twitter.com/1.1/geo/id/e444ecd51bd16ff3.json', u'country': u'Estados Unidos', u'place_type': u'city', u'bounding_box': {u'type': u'Polygon', u'coordinates': [[[-84.710722, 39.052962], [-84.3689026, 39.052962], [-84.3689026, 39.2211137], [-84.710722, 39.2211137]]]}, u'contained_within': [], u'country_code': u'US', u'attributes': {}, u'id': u'e444ecd51bd16ff3', u'name': u'Cincinnati'}	
27637	{u'full_name': u'Cincinnati, OH', u'url': u'https://api.twitter.com/1.1/geo/id/e444ecd51bd16ff3.json', u'country': u'Estados Unidos', u'place_type': u'city', u'bounding_box': {u'type': u'Polygon', u'coordinates': [[[-84.710722, 39.052962], [-84.3689026, 39.052962], [-84.3689026, 39.2211137], [-84.710722, 39.2211137]]]}, u'contained_within': [], u'country_code': u'US', u'attributes': {}, u'id': u'e444ecd51bd16ff3', u'name': u'Cincinnati'}	
27638	{u'full_name': u'Norwood, OH', u'url': u'https://api.twitter.com/1.1/geo/id/e18891c1461c61a9.json', u'country': u'Estados Unidos', u'place_type': u'city', u'bounding_box': {u'type': u'Polygon', u'coordinates': [[[-84.4738311, 39.1446961], [-84.433618, 39.1446961], [-84.433618, 39.178205], [-84.4738311, 39.178205]]]}, u'contained_within': [], u'country_code': u'US', u'attributes': {}, u'id': u'e18891c1461c61a9', u'name': u'Norwood'}	
27639	{u'full_name': u'Cincinnati, OH', u'url': u'https://api.twitter.com/1.1/geo/id/e444ecd51bd16ff3.json', u'country': u'Estados Unidos', u'place_type': u'city', u'bounding_box': {u'type': u'Polygon', u'coordinates': [[[-84.710722, 39.052962], [-84.3689026, 39.052962], [-84.3689026, 39.2211137], [-84.710722, 39.2211137]]]}, u'contained_within': [], u'country_code': u'US', u'attributes': {}, u'id': u'e444ecd51bd16ff3', u'name': u'Cincinnati'}	
27640	{u'full_name': u'Cincinnati, OH', u'url': u'https://api.twitter.com/1.1/geo/id/e444ecd51bd16ff3.json', u'country': u'Estados Unidos', u'place_type': u'city', u'bounding_box': {u'type': u'Polygon', u'coordinates': [[[-84.710722, 39.052962], [-84.3689026, 39.052962], [-84.3689026, 39.2211137], [-84.710722, 39.2211137]]]}, u'contained_within': [], u'country_code': u'US', u'attributes': {}, u'id': u'e444ecd51bd16ff3', u'name': u'Cincinnati'}	
27641	{u'full_name': u'Cincinnati, OH', u'url': u'https://api.twitter.com/1.1/geo/id/e444ecd51bd16ff3.json', u'country': u'Estados Unidos', u'place_type': u'city', u'bounding_box': {u'type': u'Polygon', u'coordinates': [[[-84.710722, 39.052962], [-84.3689026, 39.052962], [-84.3689026, 39.2211137], [-84.710722, 39.2211137]]]}, u'contained_within': [], u'country_code': u'US', u'attributes': {}, u'id': u'e444ecd51bd16ff3', u'name': u'Cincinnati'}	
27642	{u'full_name': u'Norwood, OH', u'url': u'https://api.twitter.com/1.1/geo/id/e18891c1461c61a9.json', u'country': u'Estados Unidos', u'place_type': u'city', u'bounding_box': {u'type': u'Polygon', u'coordinates': [[[-84.4738311, 39.1446961], [-84.433618, 39.1446961], [-84.433618, 39.178205], [-84.4738311, 39.178205]]]}, u'contained_within': [], u'country_code': u'US', u'attributes': {}, u'id': u'e18891c1461c61a9', u'name': u'Norwood'}	
27643	{u'full_name': u'Norwood, OH', u'url': u'https://api.twitter.com/1.1/geo/id/e18891c1461c61a9.json', u'country': u'Estados Unidos', u'place_type': u'city', u'bounding_box': {u'type': u'Polygon', u'coordinates': [[[-84.4738311, 39.1446961], [-84.433618, 39.1446961], [-84.433618, 39.178205], [-84.4738311, 39.178205]]]}, u'contained_within': [], u'country_code': u'US', u'attributes': {}, u'id': u'e18891c1461c61a9', u'name': u'Norwood'}	
27644	{u'full_name': u'Cincinnati, OH', u'url': u'https://api.twitter.com/1.1/geo/id/e444ecd51bd16ff3.json', u'country': u'Estados Unidos', u'place_type': u'city', u'bounding_box': {u'type': u'Polygon', u'coordinates': [[[-84.710722, 39.052962], [-84.3689026, 39.052962], [-84.3689026, 39.2211137], [-84.710722, 39.2211137]]]}, u'contained_within': [], u'country_code': u'US', u'attributes': {}, u'id': u'e444ecd51bd16ff3', u'name': u'Cincinnati'}	
27645	{u'full_name': u'Cincinnati, OH', u'url': u'https://api.twitter.com/1.1/geo/id/e444ecd51bd16ff3.json', u'country': u'Estados Unidos', u'place_type': u'city', u'bounding_box': {u'type': u'Polygon', u'coordinates': [[[-84.710722, 39.052962], [-84.3689026, 39.052962], [-84.3689026, 39.2211137], [-84.710722, 39.2211137]]]}, u'contained_within': [], u'country_code': u'US', u'attributes': {}, u'id': u'e444ecd51bd16ff3', u'name': u'Cincinnati'}	
27646	{u'full_name': u'Bridgetown North, OH', u'url': u'https://api.twitter.com/1.1/geo/id/582efdc20184082f.json', u'country': u'Estados Unidos', u'place_type': u'city', u'bounding_box': {u'type': u'Polygon', u'coordinates': [[[-84.6524874, 39.132793], [-84.619236, 39.132793], [-84.619236, 39.181313], [-84.6524874, 39.181313]]]}, u'contained_within': [], u'country_code': u'US', u'attributes': {}, u'id': u'582efdc20184082f', u'name': u'Bridgetown North'}	
27647	{u'full_name': u'Cheviot, OH', u'url': u'https://api.twitter.com/1.1/geo/id/c5fa66be451d6b3f.json', u'country': u'Estados Unidos', u'place_type': u'city', u'bounding_box': {u'type': u'Polygon', u'coordinates': [[[-84.626222, 39.148265], [-84.602684, 39.148265], [-84.602684, 39.168738], [-84.626222, 39.168738]]]}, u'contained_within': [], u'country_code': u'US', u'attributes': {}, u'id': u'c5fa66be451d6b3f', u'name': u'Cheviot'}	
27648	{u'full_name': u'Bridgetown North, OH', u'url': u'https://api.twitter.com/1.1/geo/id/582efdc20184082f.json', u'country': u'Estados Unidos', u'place_type': u'city', u'bounding_box': {u'type': u'Polygon', u'coordinates': [[[-84.6524874, 39.132793], [-84.619236, 39.132793], [-84.619236, 39.181313], [-84.6524874, 39.181313]]]}, u'contained_within': [], u'country_code': u'US', u'attributes': {}, u'id': u'582efdc20184082f', u'name': u'Bridgetown North'}	
27649	{u'full_name': u'Cincinnati, OH', u'url': u'https://api.twitter.com/1.1/geo/id/e444ecd51bd16ff3.json', u'country': u'Estados Unidos', u'place_type': u'city', u'bounding_box': {u'type': u'Polygon', u'coordinates': [[[-84.710722, 39.052962], [-84.3689026, 39.052962], [-84.3689026, 39.2211137], [-84.710722, 39.2211137]]]}, u'contained_within': [], u'country_code': u'US', u'attributes': {}, u'id': u'e444ecd51bd16ff3', u'name': u'Cincinnati'}	
27650	{u'full_name': u'Bridgetown North, OH', u'url': u'https://api.twitter.com/1.1/geo/id/582efdc20184082f.json', u'country': u'Estados Unidos', u'place_type': u'city', u'bounding_box': {u'type': u'Polygon', u'coordinates': [[[-84.6524874, 39.132793], [-84.619236, 39.132793], [-84.619236, 39.181313], [-84.6524874, 39.181313]]]}, u'contained_within': [], u'country_code': u'US', u'attributes': {}, u'id': u'582efdc20184082f', u'name': u'Bridgetown North'}	
27651	{u'full_name': u'Cincinnati, OH', u'url': u'https://api.twitter.com/1.1/geo/id/e444ecd51bd16ff3.json', u'country': u'Estados Unidos', u'place_type': u'city', u'bounding_box': {u'type': u'Polygon', u'coordinates': [[[-84.710722, 39.052962], [-84.3689026, 39.052962], [-84.3689026, 39.2211137], [-84.710722, 39.2211137]]]}, u'contained_within': [], u'country_code': u'US', u'attributes': {}, u'id': u'e444ecd51bd16ff3', u'name': u'Cincinnati'}	
27652	{u'full_name': u'Bridgetown North, OH', u'url': u'https://api.twitter.com/1.1/geo/id/582efdc20184082f.json', u'country': u'Estados Unidos', u'place_type': u'city', u'bounding_box': {u'type': u'Polygon', u'coordinates': [[[-84.6524874, 39.132793], [-84.619236, 39.132793], [-84.619236, 39.181313], [-84.6524874, 39.181313]]]}, u'contained_within': [], u'country_code': u'US', u'attributes': {}, u'id': u'582efdc20184082f', u'name': u'Bridgetown North'}	
27653	{u'full_name': u'Monfort Heights South, OH', u'url': u'https://api.twitter.com/1.1/geo/id/58b905d1235ba0e1.json', u'country': u'Estados Unidos', u'place_type': u'city', u'bounding_box': {u'type': u'Polygon', u'coordinates': [[[-84.640869, 39.162412], [-84.583068, 39.162412], [-84.583068, 39.187277], [-84.640869, 39.187277]]]}, u'contained_within': [], u'country_code': u'US', u'attributes': {}, u'id': u'58b905d1235ba0e1', u'name': u'Monfort Heights South'}	
27654	{u'full_name': u'Cincinnati, OH', u'url': u'https://api.twitter.com/1.1/geo/id/e444ecd51bd16ff3.json', u'country': u'Estados Unidos', u'place_type': u'city', u'bounding_box': {u'type': u'Polygon', u'coordinates': [[[-84.710722, 39.052962], [-84.3689026, 39.052962], [-84.3689026, 39.2211137], [-84.710722, 39.2211137]]]}, u'contained_within': [], u'country_code': u'US', u'attributes': {}, u'id': u'e444ecd51bd16ff3', u'name': u'Cincinnati'}	
27655	{u'full_name': u'Bridgetown North, OH', u'url': u'https://api.twitter.com/1.1/geo/id/582efdc20184082f.json', u'country': u'Estados Unidos', u'place_type': u'city', u'bounding_box': {u'type': u'Polygon', u'coordinates': [[[-84.6524874, 39.132793], [-84.619236, 39.132793], [-84.619236, 39.181313], [-84.6524874, 39.181313]]]}, u'contained_within': [], u'country_code': u'US', u'attributes': {}, u'id': u'582efdc20184082f', u'name': u'Bridgetown North'}	
27656	{u'full_name': u'Cheviot, OH', u'url': u'https://api.twitter.com/1.1/geo/id/c5fa66be451d6b3f.json', u'country': u'Estados Unidos', u'place_type': u'city', u'bounding_box': {u'type': u'Polygon', u'coordinates': [[[-84.626222, 39.148265], [-84.602684, 39.148265], [-84.602684, 39.168738], [-84.626222, 39.168738]]]}, u'contained_within': [], u'country_code': u'US', u'attributes': {}, u'id': u'c5fa66be451d6b3f', u'name': u'Cheviot'}	
27657	{u'full_name': u'Cheviot, OH', u'url': u'https://api.twitter.com/1.1/geo/id/c5fa66be451d6b3f.json', u'country': u'Estados Unidos', u'place_type': u'city', u'bounding_box': {u'type': u'Polygon', u'coordinates': [[[-84.626222, 39.148265], [-84.602684, 39.148265], [-84.602684, 39.168738], [-84.626222, 39.168738]]]}, u'contained_within': [], u'country_code': u'US', u'attributes': {}, u'id': u'c5fa66be451d6b3f', u'name': u'Cheviot'}	
27658	{u'full_name': u'Kenwood, OH', u'url': u'https://api.twitter.com/1.1/geo/id/6817a2a94b64df3f.json', u'country': u'Estados Unidos', u'place_type': u'city', u'bounding_box': {u'type': u'Polygon', u'coordinates': [[[-84.394955, 39.191528], [-84.3567011, 39.191528], [-84.3567011, 39.22516], [-84.394955, 39.22516]]]}, u'contained_within': [], u'country_code': u'US', u'attributes': {}, u'id': u'6817a2a94b64df3f', u'name': u'Kenwood'}	
27659	{u'full_name': u'Ohio, USA', u'url': u'https://api.twitter.com/1.1/geo/id/de599025180e2ee7.json', u'country': u'Estados Unidos', u'place_type': u'admin', u'bounding_box': {u'type': u'Polygon', u'coordinates': [[[-84.8203089, 38.403186], [-80.518626, 38.403186], [-80.518626, 42.327133], [-84.8203089, 42.327133]]]}, u'contained_within': [], u'country_code': u'US', u'attributes': {}, u'id': u'de599025180e2ee7', u'name': u'Ohio'}	
27660	{u'full_name': u'Silverton, OH', u'url': u'https://api.twitter.com/1.1/geo/id/327a2a27eafadafc.json', u'country': u'Estados Unidos', u'place_type': u'city', u'bounding_box': {u'type': u'Polygon', u'coordinates': [[[-84.41183, 39.1730632], [-84.389845, 39.1730632], [-84.389845, 39.201645], [-84.41183, 39.201645]]]}, u'contained_within': [], u'country_code': u'US', u'attributes': {}, u'id': u'327a2a27eafadafc', u'name': u'Silverton'}	
27661	{u'full_name': u'Cincinnati, OH', u'url': u'https://api.twitter.com/1.1/geo/id/e444ecd51bd16ff3.json', u'country': u'Estados Unidos', u'place_type': u'city', u'bounding_box': {u'type': u'Polygon', u'coordinates': [[[-84.710722, 39.052962], [-84.3689026, 39.052962], [-84.3689026, 39.2211137], [-84.710722, 39.2211137]]]}, u'contained_within': [], u'country_code': u'US', u'attributes': {}, u'id': u'e444ecd51bd16ff3', u'name': u'Cincinnati'}	
27662	{u'full_name': u'Kenwood, OH', u'url': u'https://api.twitter.com/1.1/geo/id/6817a2a94b64df3f.json', u'country': u'Estados Unidos', u'place_type': u'city', u'bounding_box': {u'type': u'Polygon', u'coordinates': [[[-84.394955, 39.191528], [-84.3567011, 39.191528], [-84.3567011, 39.22516], [-84.394955, 39.22516]]]}, u'contained_within': [], u'country_code': u'US', u'attributes': {}, u'id': u'6817a2a94b64df3f', u'name': u'Kenwood'}	
27663	{u'full_name': u'Madeira, OH', u'url': u'https://api.twitter.com/1.1/geo/id/15cd8f53f0563d5a.json', u'country': u'Estados Unidos', u'place_type': u'city', u'bounding_box': {u'type': u'Polygon', u'coordinates': [[[-84.397199, 39.162538], [-84.344746, 39.162538], [-84.344746, 39.205986], [-84.397199, 39.205986]]]}, u'contained_within': [], u'country_code': u'US', u'attributes': {}, u'id': u'15cd8f53f0563d5a', u'name': u'Madeira'}	
27664	{u'full_name': u'Symmes, OH', u'url': u'https://api.twitter.com/1.1/geo/id/343e6100c7a9f6f2.json', u'country': u'Estados Unidos', u'place_type': u'city', u'bounding_box': {u'type': u'Polygon', u'coordinates': [[[-84.336929, 39.186487], [-84.256391, 39.186487], [-84.256391, 39.293308], [-84.336929, 39.293308]]]}, u'contained_within': [], u'country_code': u'US', u'attributes': {}, u'id': u'343e6100c7a9f6f2', u'name': u'Symmes'}	
27665	{u'full_name': u'North College Hill, OH', u'url': u'https://api.twitter.com/1.1/geo/id/a31375e1816c9a79.json', u'country': u'Estados Unidos', u'place_type': u'city', u'bounding_box': {u'type': u'Polygon', u'coordinates': [[[-84.573956, 39.209136], [-84.531496, 39.209136], [-84.531496, 39.226301], [-84.573956, 39.226301]]]}, u'contained_within': [], u'country_code': u'US', u'attributes': {}, u'id': u'a31375e1816c9a79', u'name': u'North College Hill'}	
27666	{u'full_name': u'North College Hill, OH', u'url': u'https://api.twitter.com/1.1/geo/id/a31375e1816c9a79.json', u'country': u'Estados Unidos', u'place_type': u'city', u'bounding_box': {u'type': u'Polygon', u'coordinates': [[[-84.573956, 39.209136], [-84.531496, 39.209136], [-84.531496, 39.226301], [-84.573956, 39.226301]]]}, u'contained_within': [], u'country_code': u'US', u'attributes': {}, u'id': u'a31375e1816c9a79', u'name': u'North College Hill'}	
27667	{u'full_name': u'White Oak, OH', u'url': u'https://api.twitter.com/1.1/geo/id/f23ba07ebf2e9c82.json', u'country': u'Estados Unidos', u'place_type': u'city', u'bounding_box': {u'type': u'Polygon', u'coordinates': [[[-84.637123, 39.2044085], [-84.569018, 39.2044085], [-84.569018, 39.232544], [-84.637123, 39.232544]]]}, u'contained_within': [], u'country_code': u'US', u'attributes': {}, u'id': u'f23ba07ebf2e9c82', u'name': u'White Oak'}	
27668	{u'full_name': u'Colerain, OH', u'url': u'https://api.twitter.com/1.1/geo/id/7bd07c2b35428bd5.json', u'country': u'Estados Unidos', u'place_type': u'city', u'bounding_box': {u'type': u'Polygon', u'coordinates': [[[-84.717285, 39.204358], [-84.562345, 39.204358], [-84.562345, 39.312056], [-84.717285, 39.312056]]]}, u'contained_within': [], u'country_code': u'US', u'attributes': {}, u'id': u'7bd07c2b35428bd5', u'name': u'Colerain'}	
27669	{u'full_name': u'White Oak, OH', u'url': u'https://api.twitter.com/1.1/geo/id/f23ba07ebf2e9c82.json', u'country': u'Estados Unidos', u'place_type': u'city', u'bounding_box': {u'type': u'Polygon', u'coordinates': [[[-84.637123, 39.2044085], [-84.569018, 39.2044085], [-84.569018, 39.232544], [-84.637123, 39.232544]]]}, u'contained_within': [], u'country_code': u'US', u'attributes': {}, u'id': u'f23ba07ebf2e9c82', u'name': u'White Oak'}	
27670	{u'full_name': u'North College Hill, OH', u'url': u'https://api.twitter.com/1.1/geo/id/a31375e1816c9a79.json', u'country': u'Estados Unidos', u'place_type': u'city', u'bounding_box': {u'type': u'Polygon', u'coordinates': [[[-84.573956, 39.209136], [-84.531496, 39.209136], [-84.531496, 39.226301], [-84.573956, 39.226301]]]}, u'contained_within': [], u'country_code': u'US', u'attributes': {}, u'id': u'a31375e1816c9a79', u'name': u'North College Hill'}	
27671	{u'full_name': u'Groesbeck, OH', u'url': u'https://api.twitter.com/1.1/geo/id/64b9dd065423db97.json', u'country': u'Estados Unidos', u'place_type': u'city', u'bounding_box': {u'type': u'Polygon', u'coordinates': [[[-84.628284, 39.219281], [-84.571889, 39.219281], [-84.571889, 39.239799], [-84.628284, 39.239799]]]}, u'contained_within': [], u'country_code': u'US', u'attributes': {}, u'id': u'64b9dd065423db97', u'name': u'Groesbeck'}	
27672	{u'full_name': u'North College Hill, OH', u'url': u'https://api.twitter.com/1.1/geo/id/a31375e1816c9a79.json', u'country': u'Estados Unidos', u'place_type': u'city', u'bounding_box': {u'type': u'Polygon', u'coordinates': [[[-84.573956, 39.209136], [-84.531496, 39.209136], [-84.531496, 39.226301], [-84.573956, 39.226301]]]}, u'contained_within': [], u'country_code': u'US', u'attributes': {}, u'id': u'a31375e1816c9a79', u'name': u'North College Hill'}	
27673	{u'full_name': u'White Oak, OH', u'url': u'https://api.twitter.com/1.1/geo/id/f23ba07ebf2e9c82.json', u'country': u'Estados Unidos', u'place_type': u'city', u'bounding_box': {u'type': u'Polygon', u'coordinates': [[[-84.637123, 39.2044085], [-84.569018, 39.2044085], [-84.569018, 39.232544], [-84.637123, 39.232544]]]}, u'contained_within': [], u'country_code': u'US', u'attributes': {}, u'id': u'f23ba07ebf2e9c82', u'name': u'White Oak'}	
27674	{u'full_name': u'White Oak, OH', u'url': u'https://api.twitter.com/1.1/geo/id/f23ba07ebf2e9c82.json', u'country': u'Estados Unidos', u'place_type': u'city', u'bounding_box': {u'type': u'Polygon', u'coordinates': [[[-84.637123, 39.2044085], [-84.569018, 39.2044085], [-84.569018, 39.232544], [-84.637123, 39.232544]]]}, u'contained_within': [], u'country_code': u'US', u'attributes': {}, u'id': u'f23ba07ebf2e9c82', u'name': u'White Oak'}	
27675	{u'full_name': u'Cincinnati, OH', u'url': u'https://api.twitter.com/1.1/geo/id/e444ecd51bd16ff3.json', u'country': u'Estados Unidos', u'place_type': u'city', u'bounding_box': {u'type': u'Polygon', u'coordinates': [[[-84.710722, 39.052962], [-84.3689026, 39.052962], [-84.3689026, 39.2211137], [-84.710722, 39.2211137]]]}, u'contained_within': [], u'country_code': u'US', u'attributes': {}, u'id': u'e444ecd51bd16ff3', u'name': u'Cincinnati'}	
27676	{u'full_name': u'Cincinnati, OH', u'url': u'https://api.twitter.com/1.1/geo/id/e444ecd51bd16ff3.json', u'country': u'Estados Unidos', u'place_type': u'city', u'bounding_box': {u'type': u'Polygon', u'coordinates': [[[-84.710722, 39.052962], [-84.3689026, 39.052962], [-84.3689026, 39.2211137], [-84.710722, 39.2211137]]]}, u'contained_within': [], u'country_code': u'US', u'attributes': {}, u'id': u'e444ecd51bd16ff3', u'name': u'Cincinnati'}	
27677	{u'full_name': u'Cincinnati, OH', u'url': u'https://api.twitter.com/1.1/geo/id/e444ecd51bd16ff3.json', u'country': u'Estados Unidos', u'place_type': u'city', u'bounding_box': {u'type': u'Polygon', u'coordinates': [[[-84.710722, 39.052962], [-84.3689026, 39.052962], [-84.3689026, 39.2211137], [-84.710722, 39.2211137]]]}, u'contained_within': [], u'country_code': u'US', u'attributes': {}, u'id': u'e444ecd51bd16ff3', u'name': u'Cincinnati'}	
27678	{u'full_name': u'Cincinnati, OH', u'url': u'https://api.twitter.com/1.1/geo/id/e444ecd51bd16ff3.json', u'country': u'Estados Unidos', u'place_type': u'city', u'bounding_box': {u'type': u'Polygon', u'coordinates': [[[-84.710722, 39.052962], [-84.3689026, 39.052962], [-84.3689026, 39.2211137], [-84.710722, 39.2211137]]]}, u'contained_within': [], u'country_code': u'US', u'attributes': {}, u'id': u'e444ecd51bd16ff3', u'name': u'Cincinnati'}	
27679	{u'full_name': u'Dent, OH', u'url': u'https://api.twitter.com/1.1/geo/id/09b7ce55ea5461a0.json', u'country': u'Estados Unidos', u'place_type': u'city', u'bounding_box': {u'type': u'Polygon', u'coordinates': [[[-84.6857539, 39.163006], [-84.63073, 39.163006], [-84.63073, 39.211157], [-84.6857539, 39.211157]]]}, u'contained_within': [], u'country_code': u'US', u'attributes': {}, u'id': u'09b7ce55ea5461a0', u'name': u'Dent'}	
27680	{u'full_name': u'White Oak, OH', u'url': u'https://api.twitter.com/1.1/geo/id/f23ba07ebf2e9c82.json', u'country': u'Estados Unidos', u'place_type': u'city', u'bounding_box': {u'type': u'Polygon', u'coordinates': [[[-84.637123, 39.2044085], [-84.569018, 39.2044085], [-84.569018, 39.232544], [-84.637123, 39.232544]]]}, u'contained_within': [], u'country_code': u'US', u'attributes': {}, u'id': u'f23ba07ebf2e9c82', u'name': u'White Oak'}	
27681	{u'full_name': u'Reading, OH', u'url': u'https://api.twitter.com/1.1/geo/id/1f70979508a8aceb.json', u'country': u'Estados Unidos', u'place_type': u'city', u'bounding_box': {u'type': u'Polygon', u'coordinates': [[[-84.454726, 39.204223], [-84.407099, 39.204223], [-84.407099, 39.241837], [-84.454726, 39.241837]]]}, u'contained_within': [], u'country_code': u'US', u'attributes': {}, u'id': u'1f70979508a8aceb', u'name': u'Reading'}	
27682	{u'full_name': u'Ohio, USA', u'url': u'https://api.twitter.com/1.1/geo/id/de599025180e2ee7.json', u'country': u'Estados Unidos', u'place_type': u'admin', u'bounding_box': {u'type': u'Polygon', u'coordinates': [[[-84.8203089, 38.403186], [-80.518626, 38.403186], [-80.518626, 42.327133], [-84.8203089, 42.327133]]]}, u'contained_within': [], u'country_code': u'US', u'attributes': {}, u'id': u'de599025180e2ee7', u'name': u'Ohio'}	
27683	{u'full_name': u'Ohio, USA', u'url': u'https://api.twitter.com/1.1/geo/id/de599025180e2ee7.json', u'country': u'Estados Unidos', u'place_type': u'admin', u'bounding_box': {u'type': u'Polygon', u'coordinates': [[[-84.8203089, 38.403186], [-80.518626, 38.403186], [-80.518626, 42.327133], [-84.8203089, 42.327133]]]}, u'contained_within': [], u'country_code': u'US', u'attributes': {}, u'id': u'de599025180e2ee7', u'name': u'Ohio'}	
27684	{u'full_name': u'Finneytown, OH', u'url': u'https://api.twitter.com/1.1/geo/id/b05fe73a135dedcc.json', u'country': u'Estados Unidos', u'place_type': u'city', u'bounding_box': {u'type': u'Polygon', u'coordinates': [[[-84.536174, 39.199213], [-84.489746, 39.199213], [-84.489746, 39.2343861], [-84.536174, 39.2343861]]]}, u'contained_within': [], u'country_code': u'US', u'attributes': {}, u'id': u'b05fe73a135dedcc', u'name': u'Finneytown'}	
27685	{u'full_name': u'Finneytown, OH', u'url': u'https://api.twitter.com/1.1/geo/id/b05fe73a135dedcc.json', u'country': u'Estados Unidos', u'place_type': u'city', u'bounding_box': {u'type': u'Polygon', u'coordinates': [[[-84.536174, 39.199213], [-84.489746, 39.199213], [-84.489746, 39.2343861], [-84.536174, 39.2343861]]]}, u'contained_within': [], u'country_code': u'US', u'attributes': {}, u'id': u'b05fe73a135dedcc', u'name': u'Finneytown'}	
27686	{u'full_name': u'Wyoming, OH', u'url': u'https://api.twitter.com/1.1/geo/id/38eac672dfddf28e.json', u'country': u'Estados Unidos', u'place_type': u'city', u'bounding_box': {u'type': u'Polygon', u'coordinates': [[[-84.5041, 39.2157817], [-84.464178, 39.2157817], [-84.464178, 39.245078], [-84.5041, 39.245078]]]}, u'contained_within': [], u'country_code': u'US', u'attributes': {}, u'id': u'38eac672dfddf28e', u'name': u'Wyoming'}	
27687	{u'full_name': u'Reading, OH', u'url': u'https://api.twitter.com/1.1/geo/id/1f70979508a8aceb.json', u'country': u'Estados Unidos', u'place_type': u'city', u'bounding_box': {u'type': u'Polygon', u'coordinates': [[[-84.454726, 39.204223], [-84.407099, 39.204223], [-84.407099, 39.241837], [-84.454726, 39.241837]]]}, u'contained_within': [], u'country_code': u'US', u'attributes': {}, u'id': u'1f70979508a8aceb', u'name': u'Reading'}	
27688	{u'full_name': u'Northbrook, OH', u'url': u'https://api.twitter.com/1.1/geo/id/aea5847916031795.json', u'country': u'Estados Unidos', u'place_type': u'city', u'bounding_box': {u'type': u'Polygon', u'coordinates': [[[-84.5968058, 39.233783], [-84.5663923, 39.233783], [-84.5663923, 39.2579562], [-84.5968058, 39.2579562]]]}, u'contained_within': [], u'country_code': u'US', u'attributes': {}, u'id': u'aea5847916031795', u'name': u'Northbrook'}	
27689	{u'full_name': u'Ohio, USA', u'url': u'https://api.twitter.com/1.1/geo/id/de599025180e2ee7.json', u'country': u'Estados Unidos', u'place_type': u'admin', u'bounding_box': {u'type': u'Polygon', u'coordinates': [[[-84.8203089, 38.403186], [-80.518626, 38.403186], [-80.518626, 42.327133], [-84.8203089, 42.327133]]]}, u'contained_within': [], u'country_code': u'US', u'attributes': {}, u'id': u'de599025180e2ee7', u'name': u'Ohio'}	
27690	{u'full_name': u'Northbrook, OH', u'url': u'https://api.twitter.com/1.1/geo/id/aea5847916031795.json', u'country': u'Estados Unidos', u'place_type': u'city', u'bounding_box': {u'type': u'Polygon', u'coordinates': [[[-84.5968058, 39.233783], [-84.5663923, 39.233783], [-84.5663923, 39.2579562], [-84.5968058, 39.2579562]]]}, u'contained_within': [], u'country_code': u'US', u'attributes': {}, u'id': u'aea5847916031795', u'name': u'Northbrook'}	
27691	{u'full_name': u'Forest Park, OH', u'url': u'https://api.twitter.com/1.1/geo/id/d3543d03c789f2f0.json', u'country': u'Estados Unidos', u'place_type': u'city', u'bounding_box': {u'type': u'Polygon', u'coordinates': [[[-84.564501, 39.266577], [-84.4863046, 39.266577], [-84.4863046, 39.30478], [-84.564501, 39.30478]]]}, u'contained_within': [], u'country_code': u'US', u'attributes': {}, u'id': u'd3543d03c789f2f0', u'name': u'Forest Park'}	
27692	{u'full_name': u'Forest Park, OH', u'url': u'https://api.twitter.com/1.1/geo/id/d3543d03c789f2f0.json', u'country': u'Estados Unidos', u'place_type': u'city', u'bounding_box': {u'type': u'Polygon', u'coordinates': [[[-84.564501, 39.266577], [-84.4863046, 39.266577], [-84.4863046, 39.30478], [-84.564501, 39.30478]]]}, u'contained_within': [], u'country_code': u'US', u'attributes': {}, u'id': u'd3543d03c789f2f0', u'name': u'Forest Park'}	
27693	{u'full_name': u'Springdale, OH', u'url': u'https://api.twitter.com/1.1/geo/id/2eb3732437b18323.json', u'country': u'Estados Unidos', u'place_type': u'city', u'bounding_box': {u'type': u'Polygon', u'coordinates': [[[-84.5130215, 39.269985], [-84.447348, 39.269985], [-84.447348, 39.3058174], [-84.5130215, 39.3058174]]]}, u'contained_within': [], u'country_code': u'US', u'attributes': {}, u'id': u'2eb3732437b18323', u'name': u'Springdale'}	
27694	{u'full_name': u'Mount Healthy Heights, OH', u'url': u'https://api.twitter.com/1.1/geo/id/7de09bdd995e495b.json', u'country': u'Estados Unidos', u'place_type': u'city', u'bounding_box': {u'type': u'Polygon', u'coordinates': [[[-84.574432, 39.2578151], [-84.564011, 39.2578151], [-84.564011, 39.285236], [-84.574432, 39.285236]]]}, u'contained_within': [], u'country_code': u'US', u'attributes': {}, u'id': u'7de09bdd995e495b', u'name': u'Mount Healthy Heights'}	
27695	{u'full_name': u'Northgate, OH', u'url': u'https://api.twitter.com/1.1/geo/id/6aae403cf6e05bac.json', u'country': u'Estados Unidos', u'place_type': u'city', u'bounding_box': {u'type': u'Polygon', u'coordinates': [[[-84.621713, 39.2348979], [-84.5731457, 39.2348979], [-84.5731457, 39.2792124], [-84.621713, 39.2792124]]]}, u'contained_within': [], u'country_code': u'US', u'attributes': {}, u'id': u'6aae403cf6e05bac', u'name': u'Northgate'}	
27696	{u'full_name': u'Northgate, OH', u'url': u'https://api.twitter.com/1.1/geo/id/6aae403cf6e05bac.json', u'country': u'Estados Unidos', u'place_type': u'city', u'bounding_box': {u'type': u'Polygon', u'coordinates': [[[-84.621713, 39.2348979], [-84.5731457, 39.2348979], [-84.5731457, 39.2792124], [-84.621713, 39.2792124]]]}, u'contained_within': [], u'country_code': u'US', u'attributes': {}, u'id': u'6aae403cf6e05bac', u'name': u'Northgate'}	
27697	{u'full_name': u'Forestville, OH', u'url': u'https://api.twitter.com/1.1/geo/id/35b59fa30bb5106c.json', u'country': u'Estados Unidos', u'place_type': u'city', u'bounding_box': {u'type': u'Polygon', u'coordinates': [[[-84.3724159, 39.0400287], [-84.299434, 39.0400287], [-84.299434, 39.0923104], [-84.3724159, 39.0923104]]]}, u'contained_within': [], u'country_code': u'US', u'attributes': {}, u'id': u'35b59fa30bb5106c', u'name': u'Forestville'}	
27698	{u'full_name': u'Forestville, OH', u'url': u'https://api.twitter.com/1.1/geo/id/35b59fa30bb5106c.json', u'country': u'Estados Unidos', u'place_type': u'city', u'bounding_box': {u'type': u'Polygon', u'coordinates': [[[-84.3724159, 39.0400287], [-84.299434, 39.0400287], [-84.299434, 39.0923104], [-84.3724159, 39.0923104]]]}, u'contained_within': [], u'country_code': u'US', u'attributes': {}, u'id': u'35b59fa30bb5106c', u'name': u'Forestville'}	
27699	{u'full_name': u'Fort Thomas, KY', u'url': u'https://api.twitter.com/1.1/geo/id/e0a72e719203f0a5.json', u'country': u'Estados Unidos', u'place_type': u'city', u'bounding_box': {u'type': u'Polygon', u'coordinates': [[[-84.4753375, 39.0511926], [-84.432547, 39.0511926], [-84.432547, 39.1114638], [-84.4753375, 39.1114638]]]}, u'contained_within': [], u'country_code': u'US', u'attributes': {}, u'id': u'e0a72e719203f0a5', u'name': u'Fort Thomas'}	
27700	{u'full_name': u'Newport, KY', u'url': u'https://api.twitter.com/1.1/geo/id/25e7ede60b304d89.json', u'country': u'Estados Unidos', u'place_type': u'city', u'bounding_box': {u'type': u'Polygon', u'coordinates': [[[-84.504476, 39.064988], [-84.4611, 39.064988], [-84.4611, 39.1024267], [-84.504476, 39.1024267]]]}, u'contained_within': [], u'country_code': u'US', u'attributes': {}, u'id': u'25e7ede60b304d89', u'name': u'Newport'}	
27701	{u'full_name': u'Ohio, USA', u'url': u'https://api.twitter.com/1.1/geo/id/de599025180e2ee7.json', u'country': u'Estados Unidos', u'place_type': u'admin', u'bounding_box': {u'type': u'Polygon', u'coordinates': [[[-84.8203089, 38.403186], [-80.518626, 38.403186], [-80.518626, 42.327133], [-84.8203089, 42.327133]]]}, u'contained_within': [], u'country_code': u'US', u'attributes': {}, u'id': u'de599025180e2ee7', u'name': u'Ohio'}	
27702	{u'full_name': u'Fort Mitchell, KY', u'url': u'https://api.twitter.com/1.1/geo/id/af0db9c2920db9fd.json', u'country': u'Estados Unidos', u'place_type': u'city', u'bounding_box': {u'type': u'Polygon', u'coordinates': [[[-84.580124, 39.026611], [-84.540296, 39.026611], [-84.540296, 39.065464], [-84.580124, 39.065464]]]}, u'contained_within': [], u'country_code': u'US', u'attributes': {}, u'id': u'af0db9c2920db9fd', u'name': u'Fort Mitchell'}	
27703	{u'full_name': u'Delhi, OH', u'url': u'https://api.twitter.com/1.1/geo/id/c0227852f380ea8c.json', u'country': u'Estados Unidos', u'place_type': u'city', u'bounding_box': {u'type': u'Polygon', u'coordinates': [[[-84.694747, 39.078386], [-84.579445, 39.078386], [-84.579445, 39.124279], [-84.694747, 39.124279]]]}, u'contained_within': [], u'country_code': u'US', u'attributes': {}, u'id': u'c0227852f380ea8c', u'name': u'Delhi'}	
27704	{u'full_name': u'Cincinnati, OH', u'url': u'https://api.twitter.com/1.1/geo/id/e444ecd51bd16ff3.json', u'country': u'Estados Unidos', u'place_type': u'city', u'bounding_box': {u'type': u'Polygon', u'coordinates': [[[-84.710722, 39.052962], [-84.3689026, 39.052962], [-84.3689026, 39.2211137], [-84.710722, 39.2211137]]]}, u'contained_within': [], u'country_code': u'US', u'attributes': {}, u'id': u'e444ecd51bd16ff3', u'name': u'Cincinnati'}	
27705	{u'full_name': u'Cincinnati, OH', u'url': u'https://api.twitter.com/1.1/geo/id/e444ecd51bd16ff3.json', u'country': u'Estados Unidos', u'place_type': u'city', u'bounding_box': {u'type': u'Polygon', u'coordinates': [[[-84.710722, 39.052962], [-84.3689026, 39.052962], [-84.3689026, 39.2211137], [-84.710722, 39.2211137]]]}, u'contained_within': [], u'country_code': u'US', u'attributes': {}, u'id': u'e444ecd51bd16ff3', u'name': u'Cincinnati'}	
27706	{u'full_name': u'Covington, KY', u'url': u'https://api.twitter.com/1.1/geo/id/9c38c3bbd6c69084.json', u'country': u'Estados Unidos', u'place_type': u'city', u'bounding_box': {u'type': u'Polygon', u'coordinates': [[[-84.5544416, 38.964564], [-84.479712, 38.964564], [-84.479712, 39.095317], [-84.5544416, 39.095317]]]}, u'contained_within': [], u'country_code': u'US', u'attributes': {}, u'id': u'9c38c3bbd6c69084', u'name': u'Covington'}	
27707	{u'full_name': u'Cincinnati, OH', u'url': u'https://api.twitter.com/1.1/geo/id/e444ecd51bd16ff3.json', u'country': u'Estados Unidos', u'place_type': u'city', u'bounding_box': {u'type': u'Polygon', u'coordinates': [[[-84.710722, 39.052962], [-84.3689026, 39.052962], [-84.3689026, 39.2211137], [-84.710722, 39.2211137]]]}, u'contained_within': [], u'country_code': u'US', u'attributes': {}, u'id': u'e444ecd51bd16ff3', u'name': u'Cincinnati'}	
27708	{u'full_name': u'Fort Wright, KY', u'url': u'https://api.twitter.com/1.1/geo/id/38ce91044a32055f.json', u'country': u'Estados Unidos', u'place_type': u'city', u'bounding_box': {u'type': u'Polygon', u'coordinates': [[[-84.5697662, 39.004333], [-84.5115008, 39.004333], [-84.5115008, 39.082109], [-84.5697662, 39.082109]]]}, u'contained_within': [], u'country_code': u'US', u'attributes': {}, u'id': u'38ce91044a32055f', u'name': u'Fort Wright'}	
27709	{u'full_name': u'Cincinnati, OH', u'url': u'https://api.twitter.com/1.1/geo/id/e444ecd51bd16ff3.json', u'country': u'Estados Unidos', u'place_type': u'city', u'bounding_box': {u'type': u'Polygon', u'coordinates': [[[-84.710722, 39.052962], [-84.3689026, 39.052962], [-84.3689026, 39.2211137], [-84.710722, 39.2211137]]]}, u'contained_within': [], u'country_code': u'US', u'attributes': {}, u'id': u'e444ecd51bd16ff3', u'name': u'Cincinnati'}	
27710	{u'full_name': u'Crescent Springs, KY', u'url': u'https://api.twitter.com/1.1/geo/id/380371f533c44111.json', u'country': u'Estados Unidos', u'place_type': u'city', u'bounding_box': {u'type': u'Polygon', u'coordinates': [[[-84.599766, 39.040445], [-84.558845, 39.040445], [-84.558845, 39.073056], [-84.599766, 39.073056]]]}, u'contained_within': [], u'country_code': u'US', u'attributes': {}, u'id': u'380371f533c44111', u'name': u'Crescent Springs'}	
27711	{u'full_name': u'Delhi, OH', u'url': u'https://api.twitter.com/1.1/geo/id/c0227852f380ea8c.json', u'country': u'Estados Unidos', u'place_type': u'city', u'bounding_box': {u'type': u'Polygon', u'coordinates': [[[-84.694747, 39.078386], [-84.579445, 39.078386], [-84.579445, 39.124279], [-84.694747, 39.124279]]]}, u'contained_within': [], u'country_code': u'US', u'attributes': {}, u'id': u'c0227852f380ea8c', u'name': u'Delhi'}	
27712	{u'full_name': u'Hebron, KY', u'url': u'https://api.twitter.com/1.1/geo/id/fee782b7e810db2f.json', u'country': u'Estados Unidos', u'place_type': u'city', u'bounding_box': {u'type': u'Polygon', u'coordinates': [[[-84.854299, 39.029293], [-84.635746, 39.029293], [-84.635746, 39.147458], [-84.854299, 39.147458]]]}, u'contained_within': [], u'country_code': u'US', u'attributes': {}, u'id': u'fee782b7e810db2f', u'name': u'Hebron'}	
27713	{u'full_name': u'Hebron, KY', u'url': u'https://api.twitter.com/1.1/geo/id/fee782b7e810db2f.json', u'country': u'Estados Unidos', u'place_type': u'city', u'bounding_box': {u'type': u'Polygon', u'coordinates': [[[-84.854299, 39.029293], [-84.635746, 39.029293], [-84.635746, 39.147458], [-84.854299, 39.147458]]]}, u'contained_within': [], u'country_code': u'US', u'attributes': {}, u'id': u'fee782b7e810db2f', u'name': u'Hebron'}	
27714	{u'full_name': u'Cincinnati, OH', u'url': u'https://api.twitter.com/1.1/geo/id/e444ecd51bd16ff3.json', u'country': u'Estados Unidos', u'place_type': u'city', u'bounding_box': {u'type': u'Polygon', u'coordinates': [[[-84.710722, 39.052962], [-84.3689026, 39.052962], [-84.3689026, 39.2211137], [-84.710722, 39.2211137]]]}, u'contained_within': [], u'country_code': u'US', u'attributes': {}, u'id': u'e444ecd51bd16ff3', u'name': u'Cincinnati'}	
27715	{u'full_name': u'Cincinnati, OH', u'url': u'https://api.twitter.com/1.1/geo/id/e444ecd51bd16ff3.json', u'country': u'Estados Unidos', u'place_type': u'city', u'bounding_box': {u'type': u'Polygon', u'coordinates': [[[-84.710722, 39.052962], [-84.3689026, 39.052962], [-84.3689026, 39.2211137], [-84.710722, 39.2211137]]]}, u'contained_within': [], u'country_code': u'US', u'attributes': {}, u'id': u'e444ecd51bd16ff3', u'name': u'Cincinnati'}	
27716	{u'full_name': u'Cincinnati, OH', u'url': u'https://api.twitter.com/1.1/geo/id/e444ecd51bd16ff3.json', u'country': u'Estados Unidos', u'place_type': u'city', u'bounding_box': {u'type': u'Polygon', u'coordinates': [[[-84.710722, 39.052962], [-84.3689026, 39.052962], [-84.3689026, 39.2211137], [-84.710722, 39.2211137]]]}, u'contained_within': [], u'country_code': u'US', u'attributes': {}, u'id': u'e444ecd51bd16ff3', u'name': u'Cincinnati'}	
27717	{u'full_name': u'Cincinnati, OH', u'url': u'https://api.twitter.com/1.1/geo/id/e444ecd51bd16ff3.json', u'country': u'Estados Unidos', u'place_type': u'city', u'bounding_box': {u'type': u'Polygon', u'coordinates': [[[-84.710722, 39.052962], [-84.3689026, 39.052962], [-84.3689026, 39.2211137], [-84.710722, 39.2211137]]]}, u'contained_within': [], u'country_code': u'US', u'attributes': {}, u'id': u'e444ecd51bd16ff3', u'name': u'Cincinnati'}	
27718	{u'full_name': u'Cincinnati, OH', u'url': u'https://api.twitter.com/1.1/geo/id/e444ecd51bd16ff3.json', u'country': u'Estados Unidos', u'place_type': u'city', u'bounding_box': {u'type': u'Polygon', u'coordinates': [[[-84.710722, 39.052962], [-84.3689026, 39.052962], [-84.3689026, 39.2211137], [-84.710722, 39.2211137]]]}, u'contained_within': [], u'country_code': u'US', u'attributes': {}, u'id': u'e444ecd51bd16ff3', u'name': u'Cincinnati'}	
27719	{u'full_name': u'Cincinnati, OH', u'url': u'https://api.twitter.com/1.1/geo/id/e444ecd51bd16ff3.json', u'country': u'Estados Unidos', u'place_type': u'city', u'bounding_box': {u'type': u'Polygon', u'coordinates': [[[-84.710722, 39.052962], [-84.3689026, 39.052962], [-84.3689026, 39.2211137], [-84.710722, 39.2211137]]]}, u'contained_within': [], u'country_code': u'US', u'attributes': {}, u'id': u'e444ecd51bd16ff3', u'name': u'Cincinnati'}	
27720	{u'full_name': u'Cincinnati, OH', u'url': u'https://api.twitter.com/1.1/geo/id/e444ecd51bd16ff3.json', u'country': u'Estados Unidos', u'place_type': u'city', u'bounding_box': {u'type': u'Polygon', u'coordinates': [[[-84.710722, 39.052962], [-84.3689026, 39.052962], [-84.3689026, 39.2211137], [-84.710722, 39.2211137]]]}, u'contained_within': [], u'country_code': u'US', u'attributes': {}, u'id': u'e444ecd51bd16ff3', u'name': u'Cincinnati'}	
27721	{u'full_name': u'Monfort Heights South, OH', u'url': u'https://api.twitter.com/1.1/geo/id/58b905d1235ba0e1.json', u'country': u'Estados Unidos', u'place_type': u'city', u'bounding_box': {u'type': u'Polygon', u'coordinates': [[[-84.640869, 39.162412], [-84.583068, 39.162412], [-84.583068, 39.187277], [-84.640869, 39.187277]]]}, u'contained_within': [], u'country_code': u'US', u'attributes': {}, u'id': u'58b905d1235ba0e1', u'name': u'Monfort Heights South'}	
27722	{u'full_name': u'Monfort Heights South, OH', u'url': u'https://api.twitter.com/1.1/geo/id/58b905d1235ba0e1.json', u'country': u'Estados Unidos', u'place_type': u'city', u'bounding_box': {u'type': u'Polygon', u'coordinates': [[[-84.640869, 39.162412], [-84.583068, 39.162412], [-84.583068, 39.187277], [-84.640869, 39.187277]]]}, u'contained_within': [], u'country_code': u'US', u'attributes': {}, u'id': u'58b905d1235ba0e1', u'name': u'Monfort Heights South'}	
27723	{u'full_name': u'Bridgetown North, OH', u'url': u'https://api.twitter.com/1.1/geo/id/582efdc20184082f.json', u'country': u'Estados Unidos', u'place_type': u'city', u'bounding_box': {u'type': u'Polygon', u'coordinates': [[[-84.6524874, 39.132793], [-84.619236, 39.132793], [-84.619236, 39.181313], [-84.6524874, 39.181313]]]}, u'contained_within': [], u'country_code': u'US', u'attributes': {}, u'id': u'582efdc20184082f', u'name': u'Bridgetown North'}	
27724	{u'full_name': u'Ohio, USA', u'url': u'https://api.twitter.com/1.1/geo/id/de599025180e2ee7.json', u'country': u'Estados Unidos', u'place_type': u'admin', u'bounding_box': {u'type': u'Polygon', u'coordinates': [[[-84.8203089, 38.403186], [-80.518626, 38.403186], [-80.518626, 42.327133], [-84.8203089, 42.327133]]]}, u'contained_within': [], u'country_code': u'US', u'attributes': {}, u'id': u'de599025180e2ee7', u'name': u'Ohio'}	
27725	{u'full_name': u'Norwood, OH', u'url': u'https://api.twitter.com/1.1/geo/id/e18891c1461c61a9.json', u'country': u'Estados Unidos', u'place_type': u'city', u'bounding_box': {u'type': u'Polygon', u'coordinates': [[[-84.4738311, 39.1446961], [-84.433618, 39.1446961], [-84.433618, 39.178205], [-84.4738311, 39.178205]]]}, u'contained_within': [], u'country_code': u'US', u'attributes': {}, u'id': u'e18891c1461c61a9', u'name': u'Norwood'}	
27726	{u'full_name': u'Norwood, OH', u'url': u'https://api.twitter.com/1.1/geo/id/e18891c1461c61a9.json', u'country': u'Estados Unidos', u'place_type': u'city', u'bounding_box': {u'type': u'Polygon', u'coordinates': [[[-84.4738311, 39.1446961], [-84.433618, 39.1446961], [-84.433618, 39.178205], [-84.4738311, 39.178205]]]}, u'contained_within': [], u'country_code': u'US', u'attributes': {}, u'id': u'e18891c1461c61a9', u'name': u'Norwood'}	
27727	{u'full_name': u'White Oak East, OH', u'url': u'https://api.twitter.com/1.1/geo/id/374b4d05a7488924.json', u'country': u'Estados Unidos', u'place_type': u'city', u'bounding_box': {u'type': u'Polygon', u'coordinates': [[[-84.601194, 39.191185], [-84.57963, 39.191185], [-84.57963, 39.206189], [-84.601194, 39.206189]]]}, u'contained_within': [], u'country_code': u'US', u'attributes': {}, u'id': u'374b4d05a7488924', u'name': u'White Oak East'}	
27728	{u'full_name': u'Cincinnati, OH', u'url': u'https://api.twitter.com/1.1/geo/id/e444ecd51bd16ff3.json', u'country': u'Estados Unidos', u'place_type': u'city', u'bounding_box': {u'type': u'Polygon', u'coordinates': [[[-84.710722, 39.052962], [-84.3689026, 39.052962], [-84.3689026, 39.2211137], [-84.710722, 39.2211137]]]}, u'contained_within': [], u'country_code': u'US', u'attributes': {}, u'id': u'e444ecd51bd16ff3', u'name': u'Cincinnati'}	
27729	{u'full_name': u'Cincinnati, OH', u'url': u'https://api.twitter.com/1.1/geo/id/e444ecd51bd16ff3.json', u'country': u'Estados Unidos', u'place_type': u'city', u'bounding_box': {u'type': u'Polygon', u'coordinates': [[[-84.710722, 39.052962], [-84.3689026, 39.052962], [-84.3689026, 39.2211137], [-84.710722, 39.2211137]]]}, u'contained_within': [], u'country_code': u'US', u'attributes': {}, u'id': u'e444ecd51bd16ff3', u'name': u'Cincinnati'}	
27730	{u'full_name': u'Dent, OH', u'url': u'https://api.twitter.com/1.1/geo/id/09b7ce55ea5461a0.json', u'country': u'Estados Unidos', u'place_type': u'city', u'bounding_box': {u'type': u'Polygon', u'coordinates': [[[-84.6857539, 39.163006], [-84.63073, 39.163006], [-84.63073, 39.211157], [-84.6857539, 39.211157]]]}, u'contained_within': [], u'country_code': u'US', u'attributes': {}, u'id': u'09b7ce55ea5461a0', u'name': u'Dent'}	
27731	{u'full_name': u'Northbrook, OH', u'url': u'https://api.twitter.com/1.1/geo/id/aea5847916031795.json', u'country': u'Estados Unidos', u'place_type': u'city', u'bounding_box': {u'type': u'Polygon', u'coordinates': [[[-84.5968058, 39.233783], [-84.5663923, 39.233783], [-84.5663923, 39.2579562], [-84.5968058, 39.2579562]]]}, u'contained_within': [], u'country_code': u'US', u'attributes': {}, u'id': u'aea5847916031795', u'name': u'Northbrook'}	
27732	{u'full_name': u'White Oak, OH', u'url': u'https://api.twitter.com/1.1/geo/id/f23ba07ebf2e9c82.json', u'country': u'Estados Unidos', u'place_type': u'city', u'bounding_box': {u'type': u'Polygon', u'coordinates': [[[-84.637123, 39.2044085], [-84.569018, 39.2044085], [-84.569018, 39.232544], [-84.637123, 39.232544]]]}, u'contained_within': [], u'country_code': u'US', u'attributes': {}, u'id': u'f23ba07ebf2e9c82', u'name': u'White Oak'}	
27733	{u'full_name': u'Groesbeck, OH', u'url': u'https://api.twitter.com/1.1/geo/id/64b9dd065423db97.json', u'country': u'Estados Unidos', u'place_type': u'city', u'bounding_box': {u'type': u'Polygon', u'coordinates': [[[-84.628284, 39.219281], [-84.571889, 39.219281], [-84.571889, 39.239799], [-84.628284, 39.239799]]]}, u'contained_within': [], u'country_code': u'US', u'attributes': {}, u'id': u'64b9dd065423db97', u'name': u'Groesbeck'}	
27734	{u'full_name': u'White Oak, OH', u'url': u'https://api.twitter.com/1.1/geo/id/f23ba07ebf2e9c82.json', u'country': u'Estados Unidos', u'place_type': u'city', u'bounding_box': {u'type': u'Polygon', u'coordinates': [[[-84.637123, 39.2044085], [-84.569018, 39.2044085], [-84.569018, 39.232544], [-84.637123, 39.232544]]]}, u'contained_within': [], u'country_code': u'US', u'attributes': {}, u'id': u'f23ba07ebf2e9c82', u'name': u'White Oak'}	
27735	{u'full_name': u'Erlanger, KY', u'url': u'https://api.twitter.com/1.1/geo/id/64aae9a83cec5e89.json', u'country': u'Estados Unidos', u'place_type': u'city', u'bounding_box': {u'type': u'Polygon', u'coordinates': [[[-84.6219331, 38.97331], [-84.532596, 38.97331], [-84.532596, 39.062061], [-84.6219331, 39.062061]]]}, u'contained_within': [], u'country_code': u'US', u'attributes': {}, u'id': u'64aae9a83cec5e89', u'name': u'Erlanger'}	
27736	{u'full_name': u'Cincinnati, OH', u'url': u'https://api.twitter.com/1.1/geo/id/e444ecd51bd16ff3.json', u'country': u'Estados Unidos', u'place_type': u'city', u'bounding_box': {u'type': u'Polygon', u'coordinates': [[[-84.710722, 39.052962], [-84.3689026, 39.052962], [-84.3689026, 39.2211137], [-84.710722, 39.2211137]]]}, u'contained_within': [], u'country_code': u'US', u'attributes': {}, u'id': u'e444ecd51bd16ff3', u'name': u'Cincinnati'}	
27737	{u'full_name': u'Cincinnati, OH', u'url': u'https://api.twitter.com/1.1/geo/id/e444ecd51bd16ff3.json', u'country': u'Estados Unidos', u'place_type': u'city', u'bounding_box': {u'type': u'Polygon', u'coordinates': [[[-84.710722, 39.052962], [-84.3689026, 39.052962], [-84.3689026, 39.2211137], [-84.710722, 39.2211137]]]}, u'contained_within': [], u'country_code': u'US', u'attributes': {}, u'id': u'e444ecd51bd16ff3', u'name': u'Cincinnati'}	
27738	{u'full_name': u'Cincinnati, OH', u'url': u'https://api.twitter.com/1.1/geo/id/e444ecd51bd16ff3.json', u'country': u'Estados Unidos', u'place_type': u'city', u'bounding_box': {u'type': u'Polygon', u'coordinates': [[[-84.710722, 39.052962], [-84.3689026, 39.052962], [-84.3689026, 39.2211137], [-84.710722, 39.2211137]]]}, u'contained_within': [], u'country_code': u'US', u'attributes': {}, u'id': u'e444ecd51bd16ff3', u'name': u'Cincinnati'}	
27739	{u'full_name': u'Delhi, OH', u'url': u'https://api.twitter.com/1.1/geo/id/c0227852f380ea8c.json', u'country': u'Estados Unidos', u'place_type': u'city', u'bounding_box': {u'type': u'Polygon', u'coordinates': [[[-84.694747, 39.078386], [-84.579445, 39.078386], [-84.579445, 39.124279], [-84.694747, 39.124279]]]}, u'contained_within': [], u'country_code': u'US', u'attributes': {}, u'id': u'c0227852f380ea8c', u'name': u'Delhi'}	
27740	{u'full_name': u'Fairfax, OH', u'url': u'https://api.twitter.com/1.1/geo/id/caf4c3cab969ff64.json', u'country': u'Estados Unidos', u'place_type': u'city', u'bounding_box': {u'type': u'Polygon', u'coordinates': [[[-84.405709, 39.134411], [-84.3859585, 39.134411], [-84.3859585, 39.14981], [-84.405709, 39.14981]]]}, u'contained_within': [], u'country_code': u'US', u'attributes': {}, u'id': u'caf4c3cab969ff64', u'name': u'Fairfax'}	
27741	{u'full_name': u'Cincinnati, OH', u'url': u'https://api.twitter.com/1.1/geo/id/e444ecd51bd16ff3.json', u'country': u'Estados Unidos', u'place_type': u'city', u'bounding_box': {u'type': u'Polygon', u'coordinates': [[[-84.710722, 39.052962], [-84.3689026, 39.052962], [-84.3689026, 39.2211137], [-84.710722, 39.2211137]]]}, u'contained_within': [], u'country_code': u'US', u'attributes': {}, u'id': u'e444ecd51bd16ff3', u'name': u'Cincinnati'}	
27742	{u'full_name': u'Newtown, OH', u'url': u'https://api.twitter.com/1.1/geo/id/521bf949b9cbfabe.json', u'country': u'Estados Unidos', u'place_type': u'city', u'bounding_box': {u'type': u'Polygon', u'coordinates': [[[-84.401393, 39.1077697], [-84.30166, 39.1077697], [-84.30166, 39.152005], [-84.401393, 39.152005]]]}, u'contained_within': [], u'country_code': u'US', u'attributes': {}, u'id': u'521bf949b9cbfabe', u'name': u'Newtown'}	
27743	{u'full_name': u'Cincinnati, OH', u'url': u'https://api.twitter.com/1.1/geo/id/e444ecd51bd16ff3.json', u'country': u'Estados Unidos', u'place_type': u'city', u'bounding_box': {u'type': u'Polygon', u'coordinates': [[[-84.710722, 39.052962], [-84.3689026, 39.052962], [-84.3689026, 39.2211137], [-84.710722, 39.2211137]]]}, u'contained_within': [], u'country_code': u'US', u'attributes': {}, u'id': u'e444ecd51bd16ff3', u'name': u'Cincinnati'}	
27744	{u'full_name': u'Cincinnati, OH', u'url': u'https://api.twitter.com/1.1/geo/id/e444ecd51bd16ff3.json', u'country': u'Estados Unidos', u'place_type': u'city', u'bounding_box': {u'type': u'Polygon', u'coordinates': [[[-84.710722, 39.052962], [-84.3689026, 39.052962], [-84.3689026, 39.2211137], [-84.710722, 39.2211137]]]}, u'contained_within': [], u'country_code': u'US', u'attributes': {}, u'id': u'e444ecd51bd16ff3', u'name': u'Cincinnati'}	
27745	{u'full_name': u'Cincinnati, OH', u'url': u'https://api.twitter.com/1.1/geo/id/e444ecd51bd16ff3.json', u'country': u'Estados Unidos', u'place_type': u'city', u'bounding_box': {u'type': u'Polygon', u'coordinates': [[[-84.710722, 39.052962], [-84.3689026, 39.052962], [-84.3689026, 39.2211137], [-84.710722, 39.2211137]]]}, u'contained_within': [], u'country_code': u'US', u'attributes': {}, u'id': u'e444ecd51bd16ff3', u'name': u'Cincinnati'}	
27746	{u'full_name': u'Cincinnati, OH', u'url': u'https://api.twitter.com/1.1/geo/id/e444ecd51bd16ff3.json', u'country': u'Estados Unidos', u'place_type': u'city', u'bounding_box': {u'type': u'Polygon', u'coordinates': [[[-84.710722, 39.052962], [-84.3689026, 39.052962], [-84.3689026, 39.2211137], [-84.710722, 39.2211137]]]}, u'contained_within': [], u'country_code': u'US', u'attributes': {}, u'id': u'e444ecd51bd16ff3', u'name': u'Cincinnati'}	
27747	{u'full_name': u'Cincinnati, OH', u'url': u'https://api.twitter.com/1.1/geo/id/e444ecd51bd16ff3.json', u'country': u'Estados Unidos', u'place_type': u'city', u'bounding_box': {u'type': u'Polygon', u'coordinates': [[[-84.710722, 39.052962], [-84.3689026, 39.052962], [-84.3689026, 39.2211137], [-84.710722, 39.2211137]]]}, u'contained_within': [], u'country_code': u'US', u'attributes': {}, u'id': u'e444ecd51bd16ff3', u'name': u'Cincinnati'}	
27748	{u'full_name': u'Cincinnati, OH', u'url': u'https://api.twitter.com/1.1/geo/id/e444ecd51bd16ff3.json', u'country': u'Estados Unidos', u'place_type': u'city', u'bounding_box': {u'type': u'Polygon', u'coordinates': [[[-84.710722, 39.052962], [-84.3689026, 39.052962], [-84.3689026, 39.2211137], [-84.710722, 39.2211137]]]}, u'contained_within': [], u'country_code': u'US', u'attributes': {}, u'id': u'e444ecd51bd16ff3', u'name': u'Cincinnati'}	
27749	{u'full_name': u'Cincinnati, OH', u'url': u'https://api.twitter.com/1.1/geo/id/e444ecd51bd16ff3.json', u'country': u'Estados Unidos', u'place_type': u'city', u'bounding_box': {u'type': u'Polygon', u'coordinates': [[[-84.710722, 39.052962], [-84.3689026, 39.052962], [-84.3689026, 39.2211137], [-84.710722, 39.2211137]]]}, u'contained_within': [], u'country_code': u'US', u'attributes': {}, u'id': u'e444ecd51bd16ff3', u'name': u'Cincinnati'}	
27750	{u'full_name': u'Cincinnati, OH', u'url': u'https://api.twitter.com/1.1/geo/id/e444ecd51bd16ff3.json', u'country': u'Estados Unidos', u'place_type': u'city', u'bounding_box': {u'type': u'Polygon', u'coordinates': [[[-84.710722, 39.052962], [-84.3689026, 39.052962], [-84.3689026, 39.2211137], [-84.710722, 39.2211137]]]}, u'contained_within': [], u'country_code': u'US', u'attributes': {}, u'id': u'e444ecd51bd16ff3', u'name': u'Cincinnati'}	
27751	{u'full_name': u'Cincinnati, OH', u'url': u'https://api.twitter.com/1.1/geo/id/e444ecd51bd16ff3.json', u'country': u'Estados Unidos', u'place_type': u'city', u'bounding_box': {u'type': u'Polygon', u'coordinates': [[[-84.710722, 39.052962], [-84.3689026, 39.052962], [-84.3689026, 39.2211137], [-84.710722, 39.2211137]]]}, u'contained_within': [], u'country_code': u'US', u'attributes': {}, u'id': u'e444ecd51bd16ff3', u'name': u'Cincinnati'}	
27752	{u'full_name': u'Cincinnati, OH', u'url': u'https://api.twitter.com/1.1/geo/id/e444ecd51bd16ff3.json', u'country': u'Estados Unidos', u'place_type': u'city', u'bounding_box': {u'type': u'Polygon', u'coordinates': [[[-84.710722, 39.052962], [-84.3689026, 39.052962], [-84.3689026, 39.2211137], [-84.710722, 39.2211137]]]}, u'contained_within': [], u'country_code': u'US', u'attributes': {}, u'id': u'e444ecd51bd16ff3', u'name': u'Cincinnati'}	
27753	{u'full_name': u'Cincinnati, OH', u'url': u'https://api.twitter.com/1.1/geo/id/e444ecd51bd16ff3.json', u'country': u'Estados Unidos', u'place_type': u'city', u'bounding_box': {u'type': u'Polygon', u'coordinates': [[[-84.710722, 39.052962], [-84.3689026, 39.052962], [-84.3689026, 39.2211137], [-84.710722, 39.2211137]]]}, u'contained_within': [], u'country_code': u'US', u'attributes': {}, u'id': u'e444ecd51bd16ff3', u'name': u'Cincinnati'}	
27754	{u'full_name': u'Cincinnati, OH', u'url': u'https://api.twitter.com/1.1/geo/id/e444ecd51bd16ff3.json', u'country': u'Estados Unidos', u'place_type': u'city', u'bounding_box': {u'type': u'Polygon', u'coordinates': [[[-84.710722, 39.052962], [-84.3689026, 39.052962], [-84.3689026, 39.2211137], [-84.710722, 39.2211137]]]}, u'contained_within': [], u'country_code': u'US', u'attributes': {}, u'id': u'e444ecd51bd16ff3', u'name': u'Cincinnati'}	
27755	{u'full_name': u'Cincinnati, OH', u'url': u'https://api.twitter.com/1.1/geo/id/e444ecd51bd16ff3.json', u'country': u'Estados Unidos', u'place_type': u'city', u'bounding_box': {u'type': u'Polygon', u'coordinates': [[[-84.710722, 39.052962], [-84.3689026, 39.052962], [-84.3689026, 39.2211137], [-84.710722, 39.2211137]]]}, u'contained_within': [], u'country_code': u'US', u'attributes': {}, u'id': u'e444ecd51bd16ff3', u'name': u'Cincinnati'}	
27756	{u'full_name': u'Cincinnati, OH', u'url': u'https://api.twitter.com/1.1/geo/id/e444ecd51bd16ff3.json', u'country': u'Estados Unidos', u'place_type': u'city', u'bounding_box': {u'type': u'Polygon', u'coordinates': [[[-84.710722, 39.052962], [-84.3689026, 39.052962], [-84.3689026, 39.2211137], [-84.710722, 39.2211137]]]}, u'contained_within': [], u'country_code': u'US', u'attributes': {}, u'id': u'e444ecd51bd16ff3', u'name': u'Cincinnati'}	
27757	{u'full_name': u'Northbrook, OH', u'url': u'https://api.twitter.com/1.1/geo/id/aea5847916031795.json', u'country': u'Estados Unidos', u'place_type': u'city', u'bounding_box': {u'type': u'Polygon', u'coordinates': [[[-84.5968058, 39.233783], [-84.5663923, 39.233783], [-84.5663923, 39.2579562], [-84.5968058, 39.2579562]]]}, u'contained_within': [], u'country_code': u'US', u'attributes': {}, u'id': u'aea5847916031795', u'name': u'Northbrook'}	
27758	{u'full_name': u'Cincinnati, OH', u'url': u'https://api.twitter.com/1.1/geo/id/e444ecd51bd16ff3.json', u'country': u'Estados Unidos', u'place_type': u'city', u'bounding_box': {u'type': u'Polygon', u'coordinates': [[[-84.710722, 39.052962], [-84.3689026, 39.052962], [-84.3689026, 39.2211137], [-84.710722, 39.2211137]]]}, u'contained_within': [], u'country_code': u'US', u'attributes': {}, u'id': u'e444ecd51bd16ff3', u'name': u'Cincinnati'}	
27759	{u'full_name': u'Covington, KY', u'url': u'https://api.twitter.com/1.1/geo/id/9c38c3bbd6c69084.json', u'country': u'Estados Unidos', u'place_type': u'city', u'bounding_box': {u'type': u'Polygon', u'coordinates': [[[-84.5544416, 38.964564], [-84.479712, 38.964564], [-84.479712, 39.095317], [-84.5544416, 39.095317]]]}, u'contained_within': [], u'country_code': u'US', u'attributes': {}, u'id': u'9c38c3bbd6c69084', u'name': u'Covington'}	
27760	{u'full_name': u'Cincinnati, OH', u'url': u'https://api.twitter.com/1.1/geo/id/e444ecd51bd16ff3.json', u'country': u'Estados Unidos', u'place_type': u'city', u'bounding_box': {u'type': u'Polygon', u'coordinates': [[[-84.710722, 39.052962], [-84.3689026, 39.052962], [-84.3689026, 39.2211137], [-84.710722, 39.2211137]]]}, u'contained_within': [], u'country_code': u'US', u'attributes': {}, u'id': u'e444ecd51bd16ff3', u'name': u'Cincinnati'}	
