TweetID	ID	Username	DateTime	Retweets	Hashtag	Concept	Latitud	Longitud	Radius	TypeCoordinatesLocation	Real Latitud	Real Longitud	Reported location by User	created_at	text	
902	241122275116609538	Hannn18	2012-08-30 06:36	0		Against	39.07	-84.59	5km	NA	NA	NA	NA	NA	
903	211525146127765504	DontBlowMyHii	2012-06-09 14:28	2		Against	39.07	-84.59	5km	NA	NA	NA	NA	NA	
904	207481725251620864	missalanny	2012-05-29 10:41	1		Against	39.07	-84.59	5km	NA	NA	NA	NA	NA	
905	199700136341942272	j0eschmidt	2012-05-07 23:19	0	#Reds	Against	39.07	-84.59	5km	NA	NA	NA	NA	NA	
906	197900119079788546	H2Owens	2012-05-03 00:07	0		Against	39.07	-84.59	5km	NA	NA	NA	NA	NA	
907	191754235170398208	EDSJim	2012-04-16 01:05	0		Against	39.07	-84.59	5km	NA	NA	NA	NA	NA	
908	190470040171192321	ashleyyyyy210	2012-04-12 12:02	0		Against	39.07	-84.59	5km	NA	NA	NA	NA	NA	
909	277870981542989824	gmann6448	2012-12-09 15:22	0	#nfl	Against	39.07	-84.62	5km	NA	NA	NA	NA	NA	
910	248213430908116992	DiephouseSandra	2012-09-18 20:14	0		Against	39.07	-84.62	5km	NA	NA	NA	NA	NA	
911	228320837852352514	officerfultz11	2012-07-25 22:48	0		Against	39.07	-84.62	5km	NA	NA	NA	NA	NA	
912	219825471427313664	DiephouseSandra	2012-07-02 12:10	0	#Constitutional	Against	39.07	-84.62	5km	NA	NA	NA	NA	NA	
913	192813076838498304	gmann6448	2012-04-18 23:13	0		Against	39.07	-84.62	5km	NA	NA	NA	NA	NA	
914	178312427480428544	H2Owens	2012-03-09 21:52	0	#firsttimeever #epic	Against	39.07	-84.62	5km	NA	NA	NA	NA	NA	
915	172335022576119808	BrandonKeller66	2012-02-22 10:00	0	#sitdowntrojans	Against	39.07	-84.62	5km	NA	NA	NA	NA	NA	
916	171129022967844864	BrandonKeller66	2012-02-19 02:08	0	#beerpongloser	Against	39.07	-84.62	5km	NA	NA	NA	NA	NA	
917	165978849346191361	J_Deif17	2012-02-04 21:03	0		Against	39.07	-84.62	5km	NA	NA	NA	NA	NA	
918	271436548724109312	ayShannkay	2012-11-21 21:14	14	#LoveMSU	Against	39.07	-84.65	5km	NA	NA	NA	NA	NA	
919	242442162741055488	docbones1a	2012-09-02 22:01	0		Against	39.07	-84.65	5km	NA	NA	NA	NA	NA	
920	188952036606361601	45233	2012-04-08 07:30	0		Against	39.07	-84.65	5km	NA	NA	NA	NA	NA	
921	182610558661562371	45233	2012-03-21 19:32	0		Against	39.07	-84.65	5km	NA	NA	NA	NA	NA	
922	282868002326712320	htown	2012-12-23 10:19	0	#justsaying #whodey	Against	39.09	-84.35	5km	NA	NA	NA	NA	NA	
923	204623192684371971	bwoods013	2012-05-21 13:22	0		Against	39.09	-84.35	5km	NA	NA	NA	NA	NA	
924	186635123456884737	bwoods013	2012-04-01 22:04	0	#timmcgraw #gagme #iagreethough #sorryimnotsorry	Against	39.09	-84.35	5km	NA	NA	NA	NA	NA	
925	179806075820834816	JHood_	2012-03-14 01:48	0		Against	39.09	-84.35	5km	NA	NA	NA	NA	NA	
926	279678901620465665	nathangross	2012-12-14 15:07	0		Against	39.09	-84.41	5km	NA	NA	NA	NA	NA	
927	267627505962344449	TheRealJeffRuby	2012-11-11 08:59	0		Against	39.09	-84.41	5km	NA	NA	NA	NA	NA	
928	263380389836517378	TheRealJeffRuby	2012-10-30 16:42	0		Against	39.09	-84.41	5km	NA	NA	NA	NA	NA	
929	262983730107400192	TheRealJeffRuby	2012-10-29 14:26	0		Against	39.09	-84.41	5km	NA	NA	NA	NA	NA	
930	247417908744040448	SmarmsSA	2012-09-16 15:33	0		Against	39.09	-84.41	5km	NA	NA	NA	NA	NA	
931	216186790338506752	CoachZilch	2012-06-22 11:12	1	#ItsTime #TigerPride #ECCchamps	Against	39.09	-84.41	5km	NA	NA	NA	NA	NA	
932	214893607272984576	CoachZilch	2012-06-18 21:33	0	#ECCchamps #TigerPride #ItsTime	Against	39.09	-84.41	5km	NA	NA	NA	NA	NA	
933	213667798688346112	CoachZilch	2012-06-15 12:22	0		Against	39.09	-84.41	5km	NA	NA	NA	NA	NA	
934	159814666258882560	DektasMike	2012-01-18 20:49	0		Against	39.09	-84.41	5km	NA	NA	NA	NA	NA	
935	153554387845906433	hungrymedia	2012-01-01 14:13	0		Against	39.09	-84.41	5km	NA	NA	NA	NA	NA	
936	257495021673140225	john_from_cinci	2012-10-14 10:56	0		Against	39.09	-84.44	5km	NA	NA	NA	NA	NA	
937	257475761085222913	iGo_by_Cole	2012-10-14 09:39	0		Against	39.09	-84.44	5km	NA	NA	NA	NA	NA	
938	252379572799172608	lghtning_strkes	2012-09-30 08:09	0		Against	39.09	-84.44	5km	NA	NA	NA	NA	NA	
939	247859946165784576	topix_oh	2012-09-17 20:49	0	#Cincinnati #Ohio	Against	39.09	-84.44	5km	NA	NA	NA	NA	NA	
940	239755526743945217	Seth_Craig07	2012-08-26 12:05	0		Against	39.09	-84.44	5km	NA	NA	NA	NA	NA	
941	237665866509066241	rptrumpet	2012-08-20 17:42	0		Against	39.09	-84.44	5km	NA	NA	NA	NA	NA	
942	235185477328699392	KatieOverbeck	2012-08-13 21:26	0		Against	39.09	-84.44	5km	NA	NA	NA	NA	NA	
943	227485901859745794	KingStephen422	2012-07-23 15:30	0		Against	39.09	-84.44	5km	NA	NA	NA	NA	NA	
944	224980380724363267	woodygenius	2012-07-16 17:34	0		Against	39.09	-84.44	5km	NA	NA	NA	NA	NA	
945	211667407931060226	marcushartman	2012-06-09 23:53	0		Against	39.09	-84.44	5km	NA	NA	NA	NA	NA	
946	210945034843992064	ArthurRidder	2012-06-08 00:03	0		Against	39.09	-84.44	5km	NA	NA	NA	NA	NA	
947	210086462857805824	simplyben	2012-06-05 15:11	0	#tcot	Against	39.09	-84.44	5km	NA	NA	NA	NA	NA	
948	283384922134175744	jaredisnothere	2012-12-24 20:33	1		Against	39.09	-84.47	5km	NA	NA	NA	NA	NA	
949	281201921837117442	jaredisnothere	2012-12-18 19:58	0	#youarewelcom	Against	39.09	-84.47	5km	NA	NA	NA	NA	NA	
950	276714580468707329	andcrand	2012-12-06 10:47	0		Against	39.09	-84.47	5km	NA	NA	NA	NA	NA	
951	269664824408023040	IamMeics	2012-11-16 23:54	0		Against	39.09	-84.47	5km	NA	NA	NA	NA	NA	
952	268072851188355072	TNVaught	2012-11-12 14:28	0		Against	39.09	-84.47	5km	NA	NA	NA	NA	NA	
953	263181890717089792	FierceFrankie1	2012-10-30 03:33	0	#ThingsThatOffendObama	Against	39.09	-84.47	5km	NA	NA	NA	NA	NA	
954	281632770424451072	Nate_Shelton	2012-12-20 00:30	0		Against	39.09	-84.5	5km	NA	NA	NA	NA	NA	
955	279233839417679873	KMT1218	2012-12-13 09:38	1	#GetMeOutOfHere #BringOnChristmasBreak	Against	39.09	-84.5	5km	NA	NA	NA	NA	NA	
956	278960866307747840	bassthesnake	2012-12-12 15:33	0		Against	39.09	-84.5	5km	NA	NA	NA	NA	NA	
957	278734581602074624	JPHammer13	2012-12-12 00:34	0		Against	39.09	-84.5	5km	NA	NA	NA	NA	NA	
958	278621113741893633	haleyferrante	2012-12-11 17:03	1		Against	39.09	-84.5	5km	NA	NA	NA	NA	NA	
959	277934922390450176	Goergen1	2012-12-09 19:37	0		Against	39.09	-84.5	5km	NA	NA	NA	NA	NA	
960	275051258132459520	SarahWiant	2012-12-01 20:38	0		Against	39.09	-84.5	5km	NA	NA	NA	NA	NA	
961	274980664229642240	_woodyzm	2012-12-01 15:57	0	#BEARCATN	Against	39.09	-84.5	5km	NA	NA	NA	NA	NA	
962	274765729977475073	kaseynease	2012-12-01 01:43	0		Against	39.09	-84.5	5km	NA	NA	NA	NA	NA	
963	273262902780248064	DarrylPeeks	2012-11-26 22:12	0		Against	39.09	-84.5	5km	NA	NA	NA	NA	NA	
964	272166386644680706	KMT1218	2012-11-23 21:34	1	#Bearcats #USF	Against	39.09	-84.5	5km	NA	NA	NA	NA	NA	
965	284471072538116096	OBrien_Nolan	2012-12-27 20:29	0		Against	39.09	-84.53	5km	NA	NA	NA	NA	NA	
966	280463219737391104	OBrien_Nolan	2012-12-16 19:03	0	#gronknoplay #gronksad #Gronkplaylasertag	Against	39.09	-84.53	5km	NA	NA	NA	NA	NA	
967	279395068090150912	JTripp0815	2012-12-13 20:19	0		Against	39.09	-84.56	5km	NA	NA	NA	NA	NA	
968	276024647181561857	Ms_ash_ley	2012-12-04 13:06	0		Against	39.09	-84.56	5km	NA	NA	NA	NA	NA	
969	265997437204828160	derrrak	2012-11-06 21:01	0		Against	39.09	-84.56	5km	NA	NA	NA	NA	NA	
970	262288226079879168	shakynites	2012-10-27 16:22	0		Against	39.09	-84.56	5km	NA	NA	NA	NA	NA	
971	262038613058002944	JFreeman83	2012-10-26 23:50	1	#Bearcats	Against	39.09	-84.56	5km	NA	NA	NA	NA	NA	
972	260432766666149888	ThaLostBoi	2012-10-22 13:29	0		Against	39.09	-84.56	5km	NA	NA	NA	NA	NA	
973	260223602568359937	JFreeman83	2012-10-21 23:38	2	#Bengals	Against	39.09	-84.56	5km	NA	NA	NA	NA	NA	
974	282641470333255680	KMT1218	2012-12-22 19:19	0		Against	39.09	-84.59	5km	NA	NA	NA	NA	NA	
975	274716639147225089	andcrand	2012-11-30 22:28	0		Against	39.09	-84.59	5km	NA	NA	NA	NA	NA	
976	264499230201229312	andcrand	2012-11-02 18:48	0		Against	39.09	-84.59	5km	NA	NA	NA	NA	NA	
977	264497438671376384	andcrand	2012-11-02 18:41	0		Against	39.09	-84.59	5km	NA	NA	NA	NA	NA	
978	260088152692240384	hollisjr3425	2012-10-21 14:40	0		Against	39.09	-84.59	5km	NA	NA	NA	NA	NA	
979	260086738528124931	hollisjr3425	2012-10-21 14:34	0		Against	39.09	-84.59	5km	NA	NA	NA	NA	NA	
980	256406269273976833	KMT1218	2012-10-11 10:49	0	#Reds	Against	39.09	-84.59	5km	NA	NA	NA	NA	NA	
981	252507476895883264	JFreeman83	2012-09-30 16:37	0	#Bengals	Against	39.09	-84.59	5km	NA	NA	NA	NA	NA	
982	251425418199044097	TheOnlyPortiaG	2012-09-27 16:57	0		Against	39.09	-84.59	5km	NA	NA	NA	NA	NA	
983	241796741425410048	nullkhfsa	2012-09-01 03:16	1		Against	39.09	-84.59	5km	NA	NA	NA	NA	NA	
984	237364286807220224	2PhoneShawty	2012-08-19 21:43	0		Against	39.09	-84.59	5km	NA	NA	NA	NA	NA	
985	236707607769911296	TheRealYouu	2012-08-18 02:14	0		Against	39.09	-84.59	5km	NA	NA	NA	NA	NA	
986	233952039640657921	kspraul	2012-08-10 11:44	0	#oakhills #undefeated	Against	39.09	-84.59	5km	NA	NA	NA	NA	NA	
987	233066484946059264	Smell_Dope	2012-08-08 01:05	0		Against	39.09	-84.59	5km	NA	NA	NA	NA	NA	
988	230171966521368576	Smell_Dope	2012-07-31 01:24	0		Against	39.09	-84.59	5km	NA	NA	NA	NA	NA	
989	225974950828322818	zookery	2012-07-19 11:26	0		Against	39.09	-84.59	5km	NA	NA	NA	NA	NA	
990	222082369941811201	EMPRYL	2012-07-08 17:38	1		Against	39.09	-84.59	5km	NA	NA	NA	NA	NA	
991	209622243913895937	juice_renee	2012-06-04 08:26	1		Against	39.09	-84.62	5km	NA	NA	NA	NA	NA	
992	195321358790574080	RoeThaRuler	2012-04-25 21:20	0		Against	39.09	-84.62	5km	NA	NA	NA	NA	NA	
993	194634784499175424	BrianLB1973	2012-04-23 23:52	0		Against	39.09	-84.62	5km	NA	NA	NA	NA	NA	
994	192269461049454592	kylewfranz	2012-04-17 11:13	0		Against	39.09	-84.62	5km	NA	NA	NA	NA	NA	
995	185904523586437120	nflthatsdaclick	2012-03-30 21:41	0		Against	39.09	-84.62	5km	NA	NA	NA	NA	NA	
996	184450168475750401	above_the_top	2012-03-26 21:22	0		Against	39.09	-84.62	5km	NA	NA	NA	NA	NA	
997	272158627706580992	PastorPitman	2012-11-23 21:04	0	#Kentucky #ukfansarethemostfuntoaggravate	Against	39.09	-84.65	5km	NA	NA	NA	NA	NA	
998	261335067178188800	cook2199	2012-10-25 01:15	0		Against	39.11	-84.35	5km	NA	NA	NA	NA	NA	
999	260650103726043136	cook2199	2012-10-23 03:53	0		Against	39.11	-84.35	5km	NA	NA	NA	NA	NA	
1000	259842635068485632	krazyd84	2012-10-20 22:24	0		Against	39.11	-84.35	5km	NA	NA	NA	NA	NA	
1001	259051874446106625	Dougy__Fresh	2012-10-18 18:02	2	#congratsboys #enjoyit	Against	39.11	-84.35	5km	NA	NA	NA	NA	NA	
1002	258693084508991488	stxryoflouis	2012-10-17 18:16	0		Against	39.11	-84.35	5km	NA	NA	NA	NA	NA	
1003	255953112618131456	cook2199	2012-10-10 04:49	0	#IDP	Against	39.11	-84.35	5km	NA	NA	NA	NA	NA	
1004	240314957437235200	stephensunday	2012-08-28 01:08	0		Against	39.11	-84.35	5km	NA	NA	NA	NA	NA	
1005	234537707995557889	stephensunday	2012-08-12 02:32	0		Against	39.11	-84.35	5km	NA	NA	NA	NA	NA	
1006	223641537328840704	stephensunday	2012-07-13 00:54	0		Against	39.11	-84.35	5km	NA	NA	NA	NA	NA	
1007	222210321648058368	andaruGO	2012-07-09 02:07	0		Against	39.11	-84.35	5km	NA	NA	NA	NA	NA	
1008	269843910019399680	uselessend	2012-11-17 11:46	0		Against	39.11	-84.38	5km	NA	NA	NA	NA	NA	
1009	230305793315065856	FreedomRedux	2012-07-31 10:15	0		Against	39.11	-84.38	5km	NA	NA	NA	NA	NA	
1010	215829254607347712	FreedomRedux	2012-06-21 11:31	1		Against	39.11	-84.38	5km	NA	NA	NA	NA	NA	
1011	208737519603433472	BigDMort32	2012-06-01 21:51	1		Against	39.11	-84.38	5km	NA	NA	NA	NA	NA	
1012	202030687283462146	GREEN_DOLLA	2012-05-14 09:40	0		Against	39.11	-84.38	5km	NA	NA	NA	NA	NA	
1013	192371683921903617	yeaitsib	2012-04-17 17:59	1		Against	39.11	-84.38	5km	NA	NA	NA	NA	NA	
1014	177168852873003008	Mikara18	2012-03-06 18:08	0		Against	39.11	-84.38	5km	NA	NA	NA	NA	NA	
1015	284847763089395712	MuMu7788	2012-12-28 21:26	0		Against	39.11	-84.41	5km	NA	NA	NA	NA	NA	
1016	281552280283652096	harrison_bigney	2012-12-19 19:11	0		Against	39.11	-84.41	5km	NA	NA	NA	NA	NA	
1017	269081413339455488	45208	2012-11-15 09:16	0		Against	39.11	-84.41	5km	NA	NA	NA	NA	NA	
1018	265103646746869761	ricecory	2012-11-04 09:50	0	#iknowcoryrice	Against	39.11	-84.41	5km	NA	NA	NA	NA	NA	
1019	260567738932678656	patrickCwright	2012-10-22 22:26	0	#nbcpolitics #debate2012	Against	39.11	-84.41	5km	NA	NA	NA	NA	NA	
1020	260227213100720129	patrickCwright	2012-10-21 23:52	1	#Bengals #OSU	Against	39.11	-84.41	5km	NA	NA	NA	NA	NA	
1021	258409702705225729	Sennettor_Ellie	2012-10-16 23:30	0		Against	39.11	-84.41	5km	NA	NA	NA	NA	NA	
1022	258397471636590593	bmlane	2012-10-16 22:42	1		Against	39.11	-84.41	5km	NA	NA	NA	NA	NA	
1023	257669294131908608	hit3klowlife	2012-10-14 22:28	0		Against	39.11	-84.41	5km	NA	NA	NA	NA	NA	
1024	253684671018323969	bmlane	2012-10-03 22:35	5	#truth	Against	39.11	-84.41	5km	NA	NA	NA	NA	NA	
1025	249103106980327424	jenny_hinton	2012-09-21 07:09	0		Against	39.11	-84.41	5km	NA	NA	NA	NA	NA	
1026	241956247434301442	patrickCwright	2012-09-01 13:50	0		Against	39.11	-84.41	5km	NA	NA	NA	NA	NA	
1027	238837211196436481	jeffreywyckoff	2012-08-23 23:16	0		Against	39.11	-84.41	5km	NA	NA	NA	NA	NA	
1028	216174869262512128	leahaddsn	2012-06-22 10:24	0		Against	39.11	-84.41	5km	NA	NA	NA	NA	NA	
1029	206757766054952960	JennerHuff	2012-05-27 10:44	0		Against	39.11	-84.41	5km	NA	NA	NA	NA	NA	
1030	195948950702927872	stevekemple	2012-04-27 14:54	0		Against	39.11	-84.41	5km	NA	NA	NA	NA	NA	
1031	185369732705304577	45208	2012-03-29 10:16	0		Against	39.11	-84.41	5km	NA	NA	NA	NA	NA	
1032	283722661471862784	JohnCPadgett	2012-12-25 18:55	0		Against	39.11	-84.44	5km	NA	NA	NA	NA	NA	
1033	277248289248792576	CClassCClown	2012-12-07 22:08	0		Against	39.11	-84.44	5km	NA	NA	NA	NA	NA	
1034	276124199318347777	3AktionJackson3	2012-12-04 19:41	0	#goeagles	Against	39.11	-84.44	5km	NA	NA	NA	NA	NA	
1035	275416118976475136	DonJoseLuisXU	2012-12-02 20:48	0	#stupidity	Against	39.11	-84.44	5km	NA	NA	NA	NA	NA	
1036	268966480597635073	uselessend	2012-11-15 01:39	0		Against	39.11	-84.44	5km	NA	NA	NA	NA	NA	
1037	268960352908214272	uselessend	2012-11-15 01:15	0		Against	39.11	-84.44	5km	NA	NA	NA	NA	NA	
1038	267447954766438400	morethanafolan1	2012-11-10 21:05	0		Against	39.11	-84.44	5km	NA	NA	NA	NA	NA	
1039	266056772853301249	i_am_unscripted	2012-11-07 00:57	0		Against	39.11	-84.44	5km	NA	NA	NA	NA	NA	
1040	263125470420279296	FierceFrankie1	2012-10-29 23:49	0		Against	39.11	-84.44	5km	NA	NA	NA	NA	NA	
1041	262396458567872512	tWvonderhaar	2012-10-27 23:32	0		Against	39.11	-84.44	5km	NA	NA	NA	NA	NA	
1042	262206819924074497	FierceFrankie1	2012-10-27 10:59	0		Against	39.11	-84.44	5km	NA	NA	NA	NA	NA	
1043	256345852728193024	_SexyBaldhead_	2012-10-11 06:49	0		Against	39.11	-84.44	5km	NA	NA	NA	NA	NA	
1044	255716241237479424	topix_ky	2012-10-09 13:07	0	#Columbia #Kentucky	Against	39.11	-84.44	5km	NA	NA	NA	NA	NA	
1045	254061550409768960	EdwardsZTE	2012-10-04 23:32	0		Against	39.11	-84.44	5km	NA	NA	NA	NA	NA	
1046	253701088245596160	JessieWolfe15	2012-10-03 23:40	0	#pluggingmyears	Against	39.11	-84.44	5km	NA	NA	NA	NA	NA	
1047	250943494758232064	JBarron02	2012-09-26 09:02	0		Against	39.11	-84.44	5km	NA	NA	NA	NA	NA	
1048	280183095590801408	CoachOzie	2012-12-16 00:30	0		Against	39.11	-84.47	5km	NA	NA	NA	NA	NA	
1049	279312909849485313	DonJoseLuisXU	2012-12-13 14:52	0	#WOW	Against	39.11	-84.47	5km	NA	NA	NA	NA	NA	
1050	277978761352314880	iGotTheTea1	2012-12-09 22:31	0		Against	39.11	-84.47	5km	NA	NA	NA	NA	NA	
1051	277895160199802880	morethanafolan1	2012-12-09 16:59	0		Against	39.11	-84.47	5km	NA	NA	NA	NA	NA	
1052	277295681968934912	iGotTheTea1	2012-12-08 01:16	0		Against	39.11	-84.47	5km	NA	NA	NA	NA	NA	
1053	274546920989548547	iGotTheTea1	2012-11-30 11:14	1		Against	39.11	-84.47	5km	NA	NA	NA	NA	NA	
1054	272598707927658497	lala_babes	2012-11-25 02:12	0		Against	39.11	-84.5	5km	NA	NA	NA	NA	NA	
1055	272443347623366656	iDntBeleavEit	2012-11-24 15:55	3		Against	39.11	-84.5	5km	NA	NA	NA	NA	NA	
1056	272419681409830913	young_cheesegod	2012-11-24 14:21	0		Against	39.11	-84.5	5km	NA	NA	NA	NA	NA	
1057	278345059970195457	ISeeU_Twatchin	2012-12-10 22:46	0		Against	39.11	-84.53	5km	NA	NA	NA	NA	NA	
1058	270210454746460161	tholsapple	2012-11-18 12:02	0		Against	39.11	-84.53	5km	NA	NA	NA	NA	NA	
1059	283416991291813888	TupacsOnlyChild	2012-12-24 22:40	0		Against	39.11	-84.56	5km	NA	NA	NA	NA	NA	
1060	280853554426675202	SameLandis	2012-12-17 20:54	0	#Fyi	Against	39.11	-84.56	5km	NA	NA	NA	NA	NA	
1061	279799233798893569	Kiss_BginsWKay	2012-12-14 23:05	1		Against	39.11	-84.56	5km	NA	NA	NA	NA	NA	
1062	276900467089489920	SameLandis	2012-12-06 23:06	1	#WishMeLuck	Against	39.11	-84.56	5km	NA	NA	NA	NA	NA	
1063	276854624005267457	SameLandis	2012-12-06 20:04	0		Against	39.11	-84.56	5km	NA	NA	NA	NA	NA	
1064	275476683178524672	SameLandis	2012-12-03 00:48	1		Against	39.11	-84.56	5km	NA	NA	NA	NA	NA	
1065	273215045306052608	SameLandis	2012-11-26 19:01	1		Against	39.11	-84.56	5km	NA	NA	NA	NA	NA	
1066	282964732628058112	TheKoppCar	2012-12-23 16:43	0		Against	39.11	-84.59	5km	NA	NA	NA	NA	NA	
1067	269252815434706944	loudpackdrive	2012-11-15 20:37	0		Against	39.11	-84.59	5km	NA	NA	NA	NA	NA	
1068	262951199790223360	450_Da_Finesser	2012-10-29 12:17	0	#ToMyFutureSon	Against	39.11	-84.59	5km	NA	NA	NA	NA	NA	
1069	257552649984036864	neva_a_barbie	2012-10-14 14:45	0		Against	39.11	-84.59	5km	NA	NA	NA	NA	NA	
1070	257531178289086464	neva_a_barbie	2012-10-14 13:19	0		Against	39.11	-84.59	5km	NA	NA	NA	NA	NA	
1071	256151957067149312	jwade513	2012-10-10 17:59	0		Against	39.11	-84.59	5km	NA	NA	NA	NA	NA	
1072	254347822680387584	TheOnlyPortiaG	2012-10-05 18:30	0		Against	39.11	-84.59	5km	NA	NA	NA	NA	NA	
1073	252149403610148864	JacobTarvin	2012-09-29 16:54	1	#unbelievable	Against	39.11	-84.59	5km	NA	NA	NA	NA	NA	
1074	249955256878911488	mattbach12	2012-09-23 15:35	0	#dodgers #Reds	Against	39.11	-84.59	5km	NA	NA	NA	NA	NA	
1075	247884119177052160	TheLifeOfMe_2	2012-09-17 22:25	0		Against	39.11	-84.59	5km	NA	NA	NA	NA	NA	
1076	243547931230220289	MemoirsOfEbony	2012-09-05 23:15	0	#Simple	Against	39.11	-84.59	5km	NA	NA	NA	NA	NA	
1077	282262639063748608	coach_fish215	2012-12-21 18:13	0		Against	39.11	-84.62	5km	NA	NA	NA	NA	NA	
1078	273647263010660352	PastorPitman	2012-11-27 23:39	0	#PseudoCrimson	Against	39.11	-84.62	5km	NA	NA	NA	NA	NA	
1079	257610093430984704	IRieger2	2012-10-14 18:33	0		Against	39.11	-84.62	5km	NA	NA	NA	NA	NA	
1080	237341160610336769	CLHuebner	2012-08-19 20:11	0		Against	39.11	-84.62	5km	NA	NA	NA	NA	NA	
1081	230784673415061504	marinabreeze	2012-08-01 17:58	0		Against	39.11	-84.65	5km	NA	NA	NA	NA	NA	
1082	230782588057423872	marinabreeze	2012-08-01 17:50	0	#chikfila	Against	39.11	-84.65	5km	NA	NA	NA	NA	NA	
1083	224712862436818944	SportsArtByAlex	2012-07-15 23:51	0		Against	39.11	-84.65	5km	NA	NA	NA	NA	NA	
1084	224570663866871809	mrs_pankey	2012-07-15 14:26	0		Against	39.11	-84.65	5km	NA	NA	NA	NA	NA	
1085	224257773247004673	JTripp0815	2012-07-14 17:43	0		Against	39.11	-84.65	5km	NA	NA	NA	NA	NA	
1086	198218081808551936	IRieger2	2012-05-03 21:10	0		Against	39.11	-84.65	5km	NA	NA	NA	NA	NA	
1087	193033248299941888	lexhabbss	2012-04-19 13:48	0		Against	39.11	-84.65	5km	NA	NA	NA	NA	NA	
1088	277470944891633664	MS_SHERINEMINOR	2012-12-08 12:53	0	#Aquarius	Against	39.13	-84.35	5km	NA	NA	NA	NA	NA	
1089	248042431172464640	lucybachman	2012-09-18 08:54	0	#tired	Against	39.13	-84.35	5km	NA	NA	NA	NA	NA	
1090	233987781066649600	KamChance	2012-08-10 14:06	0	#WHODEY	Against	39.13	-84.35	5km	NA	NA	NA	NA	NA	
1091	225012937281110016	I_AmDatGuy25	2012-07-16 19:43	0		Against	39.13	-84.35	5km	NA	NA	NA	NA	NA	
1092	202183083322126337	amy13adair	2012-05-14 19:46	0		Against	39.13	-84.35	5km	NA	NA	NA	NA	NA	
1093	282194419757756416	TricksYogurt	2012-12-21 13:42	0		Against	39.13	-84.38	5km	NA	NA	NA	NA	NA	
1094	260794493475885057	JJdaJuiceman	2012-10-23 13:27	0	#TonyBromos	Against	39.13	-84.38	5km	NA	NA	NA	NA	NA	
1095	256576373584453632	matthewvogele	2012-10-11 22:05	0		Against	39.13	-84.38	5km	NA	NA	NA	NA	NA	
1096	247865174214705152	2PhoneShawty	2012-09-17 21:10	0		Against	39.13	-84.38	5km	NA	NA	NA	NA	NA	
1097	244842876712931329	bradjewell	2012-09-09 13:01	0	#Fantasy	Against	39.13	-84.38	5km	NA	NA	NA	NA	NA	
1098	200660443289759745	EMPRYL	2012-05-10 14:55	0		Against	39.13	-84.38	5km	NA	NA	NA	NA	NA	
1099	192393910151159809	yeaitsib	2012-04-17 19:27	2	#Bengals	Against	39.13	-84.38	5km	NA	NA	NA	NA	NA	
1100	187914995051409409	Im_JustHandSome	2012-04-05 10:50	0	#AmbitiousGirl	Against	39.13	-84.38	5km	NA	NA	NA	NA	NA	
1101	282389926404837376	miss_nayz	2012-12-22 02:39	0		Against	39.13	-84.41	5km	NA	NA	NA	NA	NA	
1102	275780552492199936	EdwardsZTE	2012-12-03 20:56	1		Against	39.13	-84.41	5km	NA	NA	NA	NA	NA	
1103	268541406115688448	YeaIamNini	2012-11-13 21:30	0		Against	39.13	-84.41	5km	NA	NA	NA	NA	NA	
1104	264938338400759808	morethanafolan1	2012-11-03 23:53	0		Against	39.13	-84.41	5km	NA	NA	NA	NA	NA	
1105	253960340126199809	EdwardsZTE	2012-10-04 16:50	0		Against	39.13	-84.41	5km	NA	NA	NA	NA	NA	
1106	249510124106940416	binmin79	2012-09-22 10:07	0	#Go	Against	39.13	-84.41	5km	NA	NA	NA	NA	NA	
1107	247787567272054785	ThaLostBoi	2012-09-17 16:02	0		Against	39.13	-84.41	5km	NA	NA	NA	NA	NA	
1108	240768901837893632	hrmallon	2012-08-29 07:12	0		Against	39.13	-84.41	5km	NA	NA	NA	NA	NA	
1109	239899027704004609	nstoeppel30	2012-08-26 21:35	0		Against	39.13	-84.41	5km	NA	NA	NA	NA	NA	
1110	268767152390168576	Laikyn_M	2012-11-14 12:27	0		Against	39.13	-84.44	5km	NA	NA	NA	NA	NA	
1111	268480056085577728	young_cheesegod	2012-11-13 17:26	1	#thirst	Against	39.13	-84.44	5km	NA	NA	NA	NA	NA	
1112	268214069289439232	DJFidelCashflo	2012-11-12 23:49	0		Against	39.13	-84.44	5km	NA	NA	NA	NA	NA	
1113	268170824970797056	young_cheesegod	2012-11-12 20:58	0		Against	39.13	-84.44	5km	NA	NA	NA	NA	NA	
1114	268088764419678208	young_cheesegod	2012-11-12 15:31	0		Against	39.13	-84.44	5km	NA	NA	NA	NA	NA	
1115	267344910800257024	young_cheesegod	2012-11-10 14:16	0		Against	39.13	-84.44	5km	NA	NA	NA	NA	NA	
1116	267065477526851584	E_Dunc	2012-11-09 19:45	0	#Xavier	Against	39.13	-84.44	5km	NA	NA	NA	NA	NA	
1117	267065224539033601	E_Dunc	2012-11-09 19:44	0		Against	39.13	-84.44	5km	NA	NA	NA	NA	NA	
1118	264871918715416577	E_Dunc	2012-11-03 19:29	0	#Xavier	Against	39.13	-84.44	5km	NA	NA	NA	NA	NA	
1119	263145149889134592	yumyumz2	2012-10-30 01:07	0		Against	39.13	-84.44	5km	NA	NA	NA	NA	NA	
1120	273288751214632960	gmoe2004	2012-11-26 23:54	0		Against	39.13	-84.47	5km	NA	NA	NA	NA	NA	
1121	273268601291681792	gmoe2004	2012-11-26 22:34	0		Against	39.13	-84.47	5km	NA	NA	NA	NA	NA	
1122	282584195119853568	naughtalia_	2012-12-22 15:31	0		Against	39.13	-84.5	5km	NA	NA	NA	NA	NA	
1123	273440224099594240	fickleLew	2012-11-27 09:56	0		Against	39.13	-84.5	5km	NA	NA	NA	NA	NA	
1124	272391913825517568	Mr_Give_NoFucks	2012-11-24 12:31	0		Against	39.13	-84.56	5km	NA	NA	NA	NA	NA	
1125	269952249340493824	KareLofquist16	2012-11-17 18:56	0		Against	39.13	-84.56	5km	NA	NA	NA	NA	NA	
1126	269160068426133504	BasedConley	2012-11-15 14:28	0		Against	39.13	-84.56	5km	NA	NA	NA	NA	NA	
1127	268803690108960768	bassthesnake	2012-11-14 14:52	0		Against	39.13	-84.56	5km	NA	NA	NA	NA	NA	
1128	273138540379000832	WaltMerritt27	2012-11-26 13:57	0	#Bearcats	Against	39.13	-84.59	5km	NA	NA	NA	NA	NA	
1129	259173818193555456	KaylaCole88	2012-10-19 02:07	0	#madeit	Against	39.13	-84.59	5km	NA	NA	NA	NA	NA	
1130	253560716760588288	foreign_mafia	2012-10-03 14:22	3		Against	39.13	-84.59	5km	NA	NA	NA	NA	NA	
1131	250385044961628160	Str8UpParadise	2012-09-24 20:03	0	#FuckEm	Against	39.13	-84.59	5km	NA	NA	NA	NA	NA	
1132	284521180986220546	xenagabby99	2012-12-27 23:48	0		Against	39.13	-84.62	5km	NA	NA	NA	NA	NA	
1133	241956750134226944	leahobert	2012-09-01 13:52	0		Against	39.13	-84.62	5km	NA	NA	NA	NA	NA	
1134	269925208046067712	pastoratcwofc	2012-11-17 17:09	0		Against	39.13	-84.65	5km	NA	NA	NA	NA	NA	
1135	208737730052628481	b_hardtke	2012-06-01 21:52	0	#reds	Against	39.13	-84.65	5km	NA	NA	NA	NA	NA	
1136	208667214738505728	WinterAutumn417	2012-06-01 17:11	0		Against	39.13	-84.65	5km	NA	NA	NA	NA	NA	
1137	246736042294652928	UCMainStreet	2012-09-14 18:23	0	#letsgobearcats	Against	39.15	-84.35	5km	NA	NA	NA	NA	NA	
1138	227484412118433792	chillphil15	2012-07-23 15:24	0		Against	39.15	-84.35	5km	NA	NA	NA	NA	NA	
1139	214512753501683713	Roman_RGMessiah	2012-06-17 20:20	0		Against	39.15	-84.35	5km	NA	NA	NA	NA	NA	
1140	180131928354193408	yeaitsib	2012-03-14 23:22	0		Against	39.15	-84.35	5km	NA	NA	NA	NA	NA	
1141	166746930297311232	johnedmerson	2012-02-06 23:55	0		Against	39.15	-84.35	5km	NA	NA	NA	NA	NA	
1142	156197956251418624	yeaitsib	2012-01-08 21:17	0		Against	39.15	-84.35	5km	NA	NA	NA	NA	NA	
1143	153958160447709184	Ian_Soper	2012-01-02 16:57	0		Against	39.15	-84.35	5km	NA	NA	NA	NA	NA	
1144	153630120014381056	yeaitsib	2012-01-01 19:14	0		Against	39.15	-84.35	5km	NA	NA	NA	NA	NA	
1145	262029735306067969	L_Gunnaa	2012-10-26 23:15	0		Against	39.15	-84.38	5km	NA	NA	NA	NA	NA	
1146	219964051445383169	GONZO_BOOKCUMIN	2012-07-02 21:21	1		Against	39.15	-84.38	5km	NA	NA	NA	NA	NA	
1147	218347299120746497	UncleBobinOH	2012-06-28 10:17	0	#Obama	Against	39.15	-84.38	5km	NA	NA	NA	NA	NA	
1148	208041740588941312	2KandWaves	2012-05-30 23:46	1		Against	39.15	-84.38	5km	NA	NA	NA	NA	NA	
1149	203899308054024195	NITChamps	2012-05-19 13:25	0		Against	39.15	-84.38	5km	NA	NA	NA	NA	NA	
1150	272181803253649408	PMThorX	2012-11-23 22:36	0	#Xavier	Against	39.15	-84.41	5km	NA	NA	NA	NA	NA	
1151	264892272481562624	creamypotatoez	2012-11-03 20:50	0		Against	39.15	-84.41	5km	NA	NA	NA	NA	NA	
1152	263056422806364162	OneLife_OneMe	2012-10-29 19:15	0	#ToMyFutureSon	Against	39.15	-84.41	5km	NA	NA	NA	NA	NA	
1153	262209011292712960	HotandSixty	2012-10-27 11:07	0		Against	39.15	-84.41	5km	NA	NA	NA	NA	NA	
1154	254745506004205569	michaelglynch	2012-10-06 20:50	0		Against	39.15	-84.41	5km	NA	NA	NA	NA	NA	
1155	254744532208455680	michaelglynch	2012-10-06 20:46	0		Against	39.15	-84.41	5km	NA	NA	NA	NA	NA	
1156	275482678529241088	_MrParks	2012-12-03 01:12	0		Against	39.15	-84.44	5km	NA	NA	NA	NA	NA	
1157	268518124444323840	HighRoller247	2012-11-13 19:58	0		Against	39.15	-84.44	5km	NA	NA	NA	NA	NA	
1158	270919670528356353	andcrand	2012-11-20 11:00	0		Against	39.15	-84.47	5km	NA	NA	NA	NA	NA	
1159	268832584983773184	drj16	2012-11-14 16:47	0		Against	39.15	-84.47	5km	NA	NA	NA	NA	NA	
1160	278922362915799040	TheLioness812	2012-12-12 13:00	0		Against	39.15	-84.5	5km	NA	NA	NA	NA	NA	
1161	280483422311424000	TheLioness812	2012-12-16 20:23	0		Against	39.15	-84.53	5km	NA	NA	NA	NA	NA	
1162	276346220434296832	TheLioness812	2012-12-05 10:24	0		Against	39.15	-84.53	5km	NA	NA	NA	NA	NA	
1163	267378290153639937	jdccrice	2012-11-10 16:28	0		Against	39.15	-84.56	5km	NA	NA	NA	NA	NA	
1164	266323461260066816	mizzybee	2012-11-07 18:37	0		Against	39.15	-84.56	5km	NA	NA	NA	NA	NA	
1165	266012217365905409	ImJustAWill	2012-11-06 22:00	0	#PikachuForPresident	Against	39.15	-84.56	5km	NA	NA	NA	NA	NA	
1166	265623619743395841	nickmoscato	2012-11-05 20:16	0	#BEARCATS	Against	39.15	-84.56	5km	NA	NA	NA	NA	NA	
1167	264832650475352064	MattPark1	2012-11-03 16:53	0		Against	39.15	-84.56	5km	NA	NA	NA	NA	NA	
1168	264804576568430593	MattPark1	2012-11-03 15:01	0		Against	39.15	-84.56	5km	NA	NA	NA	NA	NA	
1169	256212372836986881	ran_so_fast	2012-10-10 21:59	0	#RedsOctober	Against	39.15	-84.59	5km	NA	NA	NA	NA	NA	
1170	256121912571355136	GailSearch	2012-10-10 15:59	1		Against	39.15	-84.59	5km	NA	NA	NA	NA	NA	
1171	255351756660305921	D_Rew12	2012-10-08 12:59	0	#funnyaf	Against	39.15	-84.59	5km	NA	NA	NA	NA	NA	
1172	254572786985611264	ran_so_fast	2012-10-06 09:24	0		Against	39.15	-84.59	5km	NA	NA	NA	NA	NA	
1173	253686566856306688	stevenxuzumaki	2012-10-03 22:42	0		Against	39.15	-84.59	5km	NA	NA	NA	NA	NA	
1174	242793224966639616	ChandaGlover	2012-09-03 21:16	0		Against	39.15	-84.59	5km	NA	NA	NA	NA	NA	
1175	240853671049580544	2_Real_4_TV_	2012-08-29 12:49	0		Against	39.15	-84.59	5km	NA	NA	NA	NA	NA	
1176	279929798149693440	WaltMerritt27	2012-12-15 07:43	1	#Bearcats	Against	39.15	-84.62	5km	NA	NA	NA	NA	NA	
1177	278323500761100288	WaltMerritt27	2012-12-10 21:21	0		Against	39.15	-84.62	5km	NA	NA	NA	NA	NA	
1178	274208522131103744	WaltMerritt27	2012-11-29 12:49	0		Against	39.15	-84.62	5km	NA	NA	NA	NA	NA	
1179	263745057620905984	jakesgucci	2012-10-31 16:51	0		Against	39.15	-84.62	5km	NA	NA	NA	NA	NA	
1180	252027497519132673	WaltMerritt27	2012-09-29 08:50	0		Against	39.15	-84.62	5km	NA	NA	NA	NA	NA	
1181	236152261947043840	nashmatthew2	2012-08-16 13:27	0	#let #goodtogo	Against	39.15	-84.62	5km	NA	NA	NA	NA	NA	
1182	235184851739869184	D_Rew12	2012-08-13 21:23	0		Against	39.15	-84.62	5km	NA	NA	NA	NA	NA	
1183	238495568207441920	_racquelrenee	2012-08-23 00:39	1		Against	39.15	-84.65	5km	NA	NA	NA	NA	NA	
1184	228334808332374016	D_Rew12	2012-07-25 23:43	2		Against	39.15	-84.65	5km	NA	NA	NA	NA	NA	
1185	218399951934328832	WinterAutumn417	2012-06-28 13:46	0		Against	39.15	-84.65	5km	NA	NA	NA	NA	NA	
1186	209826333453324289	KortyRocks87	2012-06-04 21:57	0		Against	39.15	-84.65	5km	NA	NA	NA	NA	NA	
1187	198983274264145920	lexiealley	2012-05-05 23:51	0		Against	39.15	-84.65	5km	NA	NA	NA	NA	NA	
1188	280035515477151745	kelliespeed	2012-12-15 14:44	0		Against	39.17	-84.35	5km	NA	NA	NA	NA	NA	
1189	276839707990695937	MikeBgolfing	2012-12-06 19:05	0	#totalshmuck	Against	39.17	-84.35	5km	NA	NA	NA	NA	NA	
1190	273483757107941378	LndsPatterson	2012-11-27 12:49	0		Against	39.17	-84.35	5km	NA	NA	NA	NA	NA	
1191	269921022575259648	MagicWhiskey	2012-11-17 16:52	0		Against	39.17	-84.35	5km	NA	NA	NA	NA	NA	
1192	267333914182422529	mdixonii	2012-11-10 13:32	0	#whodey	Against	39.17	-84.35	5km	NA	NA	NA	NA	NA	
1193	259340448471056384	LndsPatterson	2012-10-19 13:09	1		Against	39.17	-84.35	5km	NA	NA	NA	NA	NA	
1194	252526621112799232	BradleyKanter10	2012-09-30 17:53	0		Against	39.17	-84.35	5km	NA	NA	NA	NA	NA	
1195	249634042926997506	jmrpeach	2012-09-22 18:19	0	#Reds	Against	39.17	-84.35	5km	NA	NA	NA	NA	NA	
1196	231799809340751872	thomas_paquette	2012-08-04 13:12	0		Against	39.17	-84.35	5km	NA	NA	NA	NA	NA	
1197	231798100619046912	thomas_paquette	2012-08-04 13:05	0		Against	39.17	-84.35	5km	NA	NA	NA	NA	NA	
1198	205097329320144897	ryfranco	2012-05-22 20:46	0		Against	39.17	-84.35	5km	NA	NA	NA	NA	NA	
1199	195527112717905920	GONZO_BOOKCUMIN	2012-04-26 10:57	0		Against	39.17	-84.35	5km	NA	NA	NA	NA	NA	
1200	183359167933853697	Schaeffer_Shelb	2012-03-23 21:06	0		Against	39.17	-84.35	5km	NA	NA	NA	NA	NA	
1201	181610857879445504	Mfreke	2012-03-19 01:19	0	#BEARCATNATION #Marchmadness	Against	39.17	-84.35	5km	NA	NA	NA	NA	NA	
1202	180122897472425986	Mfreke	2012-03-14 22:46	0		Against	39.17	-84.35	5km	NA	NA	NA	NA	NA	
1203	173172009675669507	annabelladeluca	2012-02-24 17:26	0	#YOLO	Against	39.17	-84.35	5km	NA	NA	NA	NA	NA	
1204	166881230493724672	IGotsNoDoughMan	2012-02-07 08:49	0	#nopopforme	Against	39.17	-84.35	5km	NA	NA	NA	NA	NA	
1205	279804662075510785	ScoobyDoItAll	2012-12-14 23:26	0		Against	39.17	-84.38	5km	NA	NA	NA	NA	NA	
1206	271032532462628864	SaraWest12	2012-11-20 18:29	0		Against	39.17	-84.38	5km	NA	NA	NA	NA	NA	
1207	267379580908740608	7HillsStingers	2012-11-10 16:33	0		Against	39.17	-84.38	5km	NA	NA	NA	NA	NA	
1208	251456625901203457	allisontayla	2012-09-27 19:01	2	#keepitup	Against	39.17	-84.38	5km	NA	NA	NA	NA	NA	
1209	238455467704217600	KelliDonovan95	2012-08-22 21:59	0		Against	39.17	-84.38	5km	NA	NA	NA	NA	NA	
1210	280780047697186816	gmann6448	2012-12-17 16:02	0	#Bearcat #Duke	Against	39.17	-84.41	5km	NA	NA	NA	NA	NA	
1211	279285220665094144	gmann6448	2012-12-13 13:02	0		Against	39.17	-84.41	5km	NA	NA	NA	NA	NA	
1212	268573777984626688	HighRoller247	2012-11-13 23:39	0		Against	39.17	-84.41	5km	NA	NA	NA	NA	NA	
1213	278724961940688896	YesIamSilly	2012-12-11 23:56	0	#Lmao	Against	39.17	-84.44	5km	NA	NA	NA	NA	NA	
1214	267515299803324416	Help_J14	2012-11-11 01:33	1	#straight	Against	39.17	-84.44	5km	NA	NA	NA	NA	NA	
1215	281918608928559104	heflondon	2012-12-20 19:26	0	#stripsquadmonopoly	Against	39.17	-84.56	5km	NA	NA	NA	NA	NA	
1216	263116153046568960	Hoeh_Anna	2012-10-29 23:12	0	#calming	Against	39.17	-84.56	5km	NA	NA	NA	NA	NA	
1217	263076351605616640	Hoeh_Anna	2012-10-29 20:34	0		Against	39.17	-84.56	5km	NA	NA	NA	NA	NA	
1218	262721822620020737	_DemetriaAlexus	2012-10-28 21:05	0		Against	39.17	-84.56	5km	NA	NA	NA	NA	NA	
1219	262392375308075008	KamChance	2012-10-27 23:16	0	#WCF	Against	39.17	-84.56	5km	NA	NA	NA	NA	NA	
1220	260225323642286081	missmosleybabi	2012-10-21 23:45	0	#whodey #bengals #orangeandblack #whodeybabi	Against	39.17	-84.56	5km	NA	NA	NA	NA	NA	
1221	254903682691395584	Queen_E_2U	2012-10-07 07:19	0		Against	39.17	-84.56	5km	NA	NA	NA	NA	NA	
1222	254370231454150659	MikeFreland	2012-10-05 19:59	0		Against	39.17	-84.56	5km	NA	NA	NA	NA	NA	
1223	252620072567328769	OBrien_Nolan	2012-10-01 00:04	0		Against	39.17	-84.56	5km	NA	NA	NA	NA	NA	
1224	276181761921265664	_LovingMyNaomi_	2012-12-04 23:30	1		Against	39.17	-84.59	5km	NA	NA	NA	NA	NA	
1225	268526653095948288	BrandonDirr	2012-11-13 20:31	0		Against	39.17	-84.59	5km	NA	NA	NA	NA	NA	
1226	249987470119272450	Chandarmw	2012-09-23 17:43	0	#ughh	Against	39.17	-84.59	5km	NA	NA	NA	NA	NA	
1227	240631823741382657	InGODLYwetrust	2012-08-28 22:07	0		Against	39.17	-84.59	5km	NA	NA	NA	NA	NA	
1228	246839321125085184	MommaKeil	2012-09-15 01:14	0		Against	39.17	-84.62	5km	NA	NA	NA	NA	NA	
1229	239879097189294080	BennyTheJet21	2012-08-26 20:16	6	#Bombers	Against	39.17	-84.62	5km	NA	NA	NA	NA	NA	
1230	225673945548980225	IAmTrapMajor	2012-07-18 15:30	0		Against	39.17	-84.62	5km	NA	NA	NA	NA	NA	
1231	225411819215400961	Sugahoneyice_E	2012-07-17 22:09	0		Against	39.17	-84.62	5km	NA	NA	NA	NA	NA	
1232	225008923625791488	IAMJAY_BAF	2012-07-16 19:28	1		Against	39.17	-84.62	5km	NA	NA	NA	NA	NA	
1233	276803031213932544	_Han_Brolo_	2012-12-06 16:39	1		Against	39.17	-84.65	5km	NA	NA	NA	NA	NA	
1234	203008577764474880	_Han_Brolo_	2012-05-17 02:26	0	#JoeDirt	Against	39.17	-84.65	5km	NA	NA	NA	NA	NA	
1235	199290302421417985	_Han_Brolo_	2012-05-06 20:11	0		Against	39.17	-84.65	5km	NA	NA	NA	NA	NA	
1236	185803317732048896	_Han_Brolo_	2012-03-30 14:58	0	#GGMU	Against	39.17	-84.65	5km	NA	NA	NA	NA	NA	
1237	181945754280140801	sasquash1975	2012-03-19 23:30	0		Against	39.17	-84.65	5km	NA	NA	NA	NA	NA	
1238	181559899174608896	BernLundquist	2012-03-18 21:57	0		Against	39.17	-84.65	5km	NA	NA	NA	NA	NA	
1239	180067829280800768	agrause07	2012-03-14 19:08	0		Against	39.17	-84.65	5km	NA	NA	NA	NA	NA	
1240	175370949561036800	bengundrum2890	2012-03-01 19:04	0	#ThunderUp	Against	39.17	-84.65	5km	NA	NA	NA	NA	NA	
1241	161955014808584192	Ricky2x	2012-01-24 18:34	0		Against	39.17	-84.65	5km	NA	NA	NA	NA	NA	
1242	157563332793077760	_racquelrenee	2012-01-12 15:43	0	#peoplearepathetic	Against	39.17	-84.65	5km	NA	NA	NA	NA	NA	
1243	274317556955889664	MikeBgolfing	2012-11-29 20:02	0		Against	39.19	-84.35	5km	NA	NA	NA	NA	NA	
1244	247006195804676097	leradams	2012-09-15 12:17	0		Against	39.19	-84.35	5km	NA	NA	NA	NA	NA	
1245	236448883180441601	jordanmallon15	2012-08-17 09:06	0		Against	39.19	-84.35	5km	NA	NA	NA	NA	NA	
1246	179750914129801216	SabinoNick	2012-03-13 22:08	1		Against	39.19	-84.35	5km	NA	NA	NA	NA	NA	
1247	176413944137793538	Smo0thxCriminal	2012-03-04 16:08	0		Against	39.19	-84.35	5km	NA	NA	NA	NA	NA	
1248	170719096764235776	SabinoNick	2012-02-17 22:59	0		Against	39.19	-84.35	5km	NA	NA	NA	NA	NA	
1249	161991147386970112	GONZO_BOOKCUMIN	2012-01-24 20:57	0		Against	39.19	-84.35	5km	NA	NA	NA	NA	NA	
1250	160268317389627393	GONZO_BOOKCUMIN	2012-01-20 02:51	0		Against	39.19	-84.35	5km	NA	NA	NA	NA	NA	
1251	157434322213814273	kerls15	2012-01-12 07:10	0	#heartofachampion	Against	39.19	-84.35	5km	NA	NA	NA	NA	NA	
1252	267035588421615616	JJdaJuiceman	2012-11-09 17:47	0		Against	39.19	-84.38	5km	NA	NA	NA	NA	NA	
1253	207313278089695232	TylerMahan	2012-05-28 23:31	0		Against	39.19	-84.38	5km	NA	NA	NA	NA	NA	
1254	285049548953505793	FINOMINALPHAN	2012-12-29 10:48	0		Against	39.19	-84.41	5km	NA	NA	NA	NA	NA	
1255	283762975813275648	StuDude213	2012-12-25 21:35	0	#BEARCATNATION #8 #DOUBLEDIP #VICTORIES #FEARTHECAT	Against	39.19	-84.41	5km	NA	NA	NA	NA	NA	
1256	283020399602712576	VanillaGeorge	2012-12-23 20:24	0		Against	39.19	-84.41	5km	NA	NA	NA	NA	NA	
1257	280067333777653760	Cetrey4	2012-12-15 16:50	0		Against	39.19	-84.41	5km	NA	NA	NA	NA	NA	
1258	274998517649526784	SamuelFicke	2012-12-01 17:08	0	#BearcatNation	Against	39.19	-84.41	5km	NA	NA	NA	NA	NA	
1259	262429211866836992	JacobHice8	2012-10-28 01:42	0	#WhitePower	Against	39.19	-84.41	5km	NA	NA	NA	NA	NA	
1260	246446355613089792	ArtOfTheGhillie	2012-09-13 23:12	0		Against	39.19	-84.41	5km	NA	NA	NA	NA	NA	
1261	244198457752039424	Ken_NoBarbie	2012-09-07 18:20	1		Against	39.19	-84.41	5km	NA	NA	NA	NA	NA	
1262	244126790564593664	hrmallon	2012-09-07 13:35	0	#smh	Against	39.19	-84.41	5km	NA	NA	NA	NA	NA	
1263	241934746064658432	CAITLYNNCONWELL	2012-09-01 12:25	0	#goodjobbabiez #soproud #loveyouallllll	Against	39.19	-84.41	5km	NA	NA	NA	NA	NA	
1264	265969834012053504	LustAndDrugs_	2012-11-06 19:12	0		Against	39.19	-84.44	5km	NA	NA	NA	NA	NA	
1265	264170681569267712	Help_J14	2012-11-01 21:02	1	#tagTeam	Against	39.19	-84.44	5km	NA	NA	NA	NA	NA	
1266	262463142494347264	iamwoleojo	2012-10-28 03:57	0		Against	39.19	-84.44	5km	NA	NA	NA	NA	NA	
1267	254032348516065281	JOchonueve	2012-10-04 21:36	0		Against	39.19	-84.44	5km	NA	NA	NA	NA	NA	
1268	254030263129096194	JOchonueve	2012-10-04 21:28	0		Against	39.19	-84.44	5km	NA	NA	NA	NA	NA	
1269	254025025412284417	JOchonueve	2012-10-04 21:07	0		Against	39.19	-84.44	5km	NA	NA	NA	NA	NA	
1270	272841230025637889	_RicoDeLaCruz_	2012-11-25 18:16	0		Against	39.19	-84.5	5km	NA	NA	NA	NA	NA	
1271	272429363952246784	daapboyfresh6	2012-11-24 14:59	0		Against	39.19	-84.5	5km	NA	NA	NA	NA	NA	
1272	269950530162409472	_RicoDeLaCruz_	2012-11-17 18:49	0		Against	39.19	-84.5	5km	NA	NA	NA	NA	NA	
1273	269233386877505536	Wvnted_x	2012-11-15 19:20	0		Against	39.19	-84.5	5km	NA	NA	NA	NA	NA	
1274	266042020701818880	daapboyfresh6	2012-11-06 23:58	0		Against	39.19	-84.5	5km	NA	NA	NA	NA	NA	
1275	265161602209312770	KamChance	2012-11-04 13:40	0	#Bengals	Against	39.19	-84.5	5km	NA	NA	NA	NA	NA	
1276	278699015011459073	Arimas09	2012-12-11 22:13	0		Against	39.19	-84.53	5km	NA	NA	NA	NA	NA	
1277	277847265312387072	4Moeller	2012-12-09 13:48	0		Against	39.19	-84.53	5km	NA	NA	NA	NA	NA	
1278	269294892528852993	VentMontana	2012-11-15 23:24	0		Against	39.19	-84.53	5km	NA	NA	NA	NA	NA	
1279	265085566792634368	Josh_Hiner	2012-11-04 08:38	0		Against	39.19	-84.53	5km	NA	NA	NA	NA	NA	
1280	256572650648911872	_Timovia	2012-10-11 21:51	0		Against	39.19	-84.53	5km	NA	NA	NA	NA	NA	
1281	255466851591675904	Wvnted_x	2012-10-08 20:36	0		Against	39.19	-84.53	5km	NA	NA	NA	NA	NA	
1282	253327629602664449	BarbaraKB	2012-10-02 22:56	0	#Cards #Reds	Against	39.19	-84.53	5km	NA	NA	NA	NA	NA	
1283	251852993274712064	BarbaraKB	2012-09-28 21:16	0	#Reds	Against	39.19	-84.53	5km	NA	NA	NA	NA	NA	
1284	250018126371119105	_Timovia	2012-09-23 19:45	0	#ItsNotAGoodLook	Against	39.19	-84.53	5km	NA	NA	NA	NA	NA	
1285	249327467783925760	BarbaraKB	2012-09-21 22:01	0	#Reds #Dodgers #takethecentral	Against	39.19	-84.53	5km	NA	NA	NA	NA	NA	
1286	248956129512665089	TheChuckWatson	2012-09-20 21:25	0		Against	39.19	-84.53	5km	NA	NA	NA	NA	NA	
1287	246196632209735680	yatown_news	2012-09-13 06:40	0	#SpringMeadows #Cincinnati #OH	Against	39.19	-84.53	5km	NA	NA	NA	NA	NA	
1288	245333837918384128	Imbackboi	2012-09-10 21:31	0	#sad	Against	39.19	-84.53	5km	NA	NA	NA	NA	NA	
1289	244974011845603328	TaschiaCheyenne	2012-09-09 21:42	0		Against	39.19	-84.53	5km	NA	NA	NA	NA	NA	
1290	244822270789447682	Kristi__Smith	2012-09-09 11:39	1	#Truth	Against	39.19	-84.53	5km	NA	NA	NA	NA	NA	
1291	243526474240491520	menkemania	2012-09-05 21:50	0		Against	39.19	-84.53	5km	NA	NA	NA	NA	NA	
1292	243487955086364672	Kristi__Smith	2012-09-05 19:17	1	#finalgeneration	Against	39.19	-84.53	5km	NA	NA	NA	NA	NA	
1293	279037066925469698	Marilyn__Hunter	2012-12-12 20:36	1		Against	39.19	-84.56	5km	NA	NA	NA	NA	NA	
1294	278017163946782720	_Timovia	2012-12-10 01:03	5	#Us	Against	39.19	-84.56	5km	NA	NA	NA	NA	NA	
1295	275384379478515712	Shayla_Tait	2012-12-02 18:42	0		Against	39.19	-84.56	5km	NA	NA	NA	NA	NA	
1296	274659154965192705	Marilyn__Hunter	2012-11-30 18:40	0		Against	39.19	-84.56	5km	NA	NA	NA	NA	NA	
1297	273590666519519232	Marilyn__Hunter	2012-11-27 19:54	0		Against	39.19	-84.56	5km	NA	NA	NA	NA	NA	
1298	272022747029319680	hubbabubba_31	2012-11-23 12:04	2	#OhioState	Against	39.19	-84.56	5km	NA	NA	NA	NA	NA	
1299	248981265955577857	ResaBallard	2012-09-20 23:05	0		Against	39.19	-84.56	5km	NA	NA	NA	NA	NA	
1300	248222668334186497	HannahTumlin	2012-09-18 20:51	1	#MasonSoccer	Against	39.19	-84.56	5km	NA	NA	NA	NA	NA	
1301	241676914090196992	DJTDott	2012-08-31 19:20	0		Against	39.19	-84.56	5km	NA	NA	NA	NA	NA	
1302	240564403727126532	Help_J14	2012-08-28 17:39	0		Against	39.19	-84.56	5km	NA	NA	NA	NA	NA	
1303	239948768550715392	_Timovia	2012-08-27 00:53	0		Against	39.19	-84.56	5km	NA	NA	NA	NA	NA	
1304	239176037144096768	missamazen	2012-08-24 21:43	0	#childish	Against	39.19	-84.56	5km	NA	NA	NA	NA	NA	
1305	260402548870107136	Twist_Burr	2012-10-22 11:29	5		Against	39.19	-84.59	5km	NA	NA	NA	NA	NA	
1306	236313096342347778	TheGreekDonJuan	2012-08-17 00:06	1		Against	39.19	-84.59	5km	NA	NA	NA	NA	NA	
1307	231066108302614528	_Timovia	2012-08-02 12:37	0	#Naturally	Against	39.19	-84.59	5km	NA	NA	NA	NA	NA	
1308	260811678302748673	Coop_G513	2012-10-23 14:35	0	#RonPaul2016	Against	39.19	-84.62	5km	NA	NA	NA	NA	NA	
1309	242773828458143744	b_berks_	2012-09-03 19:59	0		Against	39.19	-84.62	5km	NA	NA	NA	NA	NA	
1310	242681743184900097	b_berks_	2012-09-03 13:53	0		Against	39.19	-84.62	5km	NA	NA	NA	NA	NA	
1311	218736391155220482	Ladiisweets	2012-06-29 12:03	0		Against	39.19	-84.62	5km	NA	NA	NA	NA	NA	
1312	212918117851074560	IAMJAY_BAF	2012-06-13 10:43	0	#OKCNation	Against	39.19	-84.62	5km	NA	NA	NA	NA	NA	
1313	212916083420700672	IAMJAY_BAF	2012-06-13 10:35	0	#OKCNation	Against	39.19	-84.62	5km	NA	NA	NA	NA	NA	
1314	204587890850807809	Jdwindd	2012-05-21 11:02	0		Against	39.19	-84.62	5km	NA	NA	NA	NA	NA	
1315	200683394529632258	cmcmahon	2012-05-10 16:27	0		Against	39.19	-84.62	5km	NA	NA	NA	NA	NA	
1316	270032906683035648	BrandonDirr	2012-11-18 00:17	0		Against	39.19	-84.65	5km	NA	NA	NA	NA	NA	
1317	260961225268142080	SassMaster_Matt	2012-10-24 00:29	0	#allhomo #loversforlife #bestfriendfever #ncaa #bringingsexyback	Against	39.19	-84.65	5km	NA	NA	NA	NA	NA	
1318	194593490724859904	e_kelso17	2012-04-23 21:07	1		Against	39.19	-84.65	5km	NA	NA	NA	NA	NA	
1319	186821685163474944	jordanDorr13	2012-04-02 10:25	0		Against	39.19	-84.65	5km	NA	NA	NA	NA	NA	
1320	177506279898628096	crouch_je	2012-03-07 16:29	0		Against	39.19	-84.65	5km	NA	NA	NA	NA	NA	
1321	174610805814341632	crouch_je	2012-02-28 16:43	0		Against	39.19	-84.65	5km	NA	NA	NA	NA	NA	
1322	157307529351798785	Freekyzeeky1444	2012-01-11 22:46	1	#audienceofone	Against	39.19	-84.65	5km	NA	NA	NA	NA	NA	
1323	269120057173491712	jeffreywyckoff	2012-11-15 11:49	0	#jealous #orderingnewphonenow	Against	39.21	-84.35	5km	NA	NA	NA	NA	NA	
1324	258179256964767744	mikesipplejr	2012-10-16 08:15	0		Against	39.21	-84.35	5km	NA	NA	NA	NA	NA	
1325	190990834609565697	SquadronSWOL	2012-04-13 22:32	0		Against	39.21	-84.35	5km	NA	NA	NA	NA	NA	
1326	179768072431878145	45242	2012-03-13 23:17	0		Against	39.21	-84.35	5km	NA	NA	NA	NA	NA	
1327	175224096680984576	_DustinMartin	2012-03-01 09:20	0		Against	39.21	-84.35	5km	NA	NA	NA	NA	NA	
1328	167630642484477955	donahueref	2012-02-09 10:27	0	#beatLA	Against	39.21	-84.35	5km	NA	NA	NA	NA	NA	
1329	162716705834020864	SquadronSWOL	2012-01-26 21:01	0		Against	39.21	-84.35	5km	NA	NA	NA	NA	NA	
1330	282540939761831936	kinger422	2012-12-22 12:39	1		Against	39.21	-84.38	5km	NA	NA	NA	NA	NA	
1331	203659079288233985	Cbreunig14	2012-05-18 21:31	0		Against	39.21	-84.38	5km	NA	NA	NA	NA	NA	
1332	191616467505119233	malanai	2012-04-15 15:58	0		Against	39.21	-84.38	5km	NA	NA	NA	NA	NA	
1333	178628972140171265	bogeysurf	2012-03-10 18:50	0	#XU #believe #XavierNation	Against	39.21	-84.38	5km	NA	NA	NA	NA	NA	
1334	241351398430736384	CoreyOrCorbin	2012-08-30 21:47	0		Against	39.21	-84.41	5km	NA	NA	NA	NA	NA	
1335	228007237736595457	iplaypocket7	2012-07-25 02:02	0		Against	39.21	-84.41	5km	NA	NA	NA	NA	NA	
1336	220267149686607874	jlmartini	2012-07-03 17:25	0		Against	39.21	-84.41	5km	NA	NA	NA	NA	NA	
1337	220195630813937664	KellyBraun513	2012-07-03 12:41	0	#stfu #getmeoutofhere	Against	39.21	-84.41	5km	NA	NA	NA	NA	NA	
1338	215539456189530112	anehab0	2012-06-20 16:19	0		Against	39.21	-84.41	5km	NA	NA	NA	NA	NA	
1339	279929196845875200	FreeNoSocks	2012-12-15 07:41	0		Against	39.21	-84.44	5km	NA	NA	NA	NA	NA	
1340	257635785438818304	Nolababy504T	2012-10-14 20:15	0		Against	39.21	-84.44	5km	NA	NA	NA	NA	NA	
1341	255429122770231297	Nolababy504T	2012-10-08 18:07	0		Against	39.21	-84.44	5km	NA	NA	NA	NA	NA	
1342	254146579253051392	Nolababy504T	2012-10-05 05:10	0		Against	39.21	-84.44	5km	NA	NA	NA	NA	NA	
1343	253979241811673089	Nolababy504T	2012-10-04 18:05	0	#NoLie	Against	39.21	-84.44	5km	NA	NA	NA	NA	NA	
1344	235562130844291072	BarbaraKB	2012-08-14 22:22	0	#Reds #Mets	Against	39.21	-84.44	5km	NA	NA	NA	NA	NA	
1345	285230903817547776	aishpow	2012-12-29 22:48	0		Against	39.21	-84.47	5km	NA	NA	NA	NA	NA	
1346	256063191879135232	jewbaby57	2012-10-10 12:06	0	#tcot #GOP	Against	39.21	-84.47	5km	NA	NA	NA	NA	NA	
1347	253174466367062016	jewbaby57	2012-10-02 12:47	0	#tcot	Against	39.21	-84.47	5km	NA	NA	NA	NA	NA	
1348	253168654466834432	jewbaby57	2012-10-02 12:24	0		Against	39.21	-84.47	5km	NA	NA	NA	NA	NA	
1349	273784383188643841	themazinminnie	2012-11-28 08:44	0		Against	39.21	-84.53	5km	NA	NA	NA	NA	NA	
1350	253601284278587393	BigBlazee_	2012-10-03 17:03	0		Against	39.21	-84.56	5km	NA	NA	NA	NA	NA	
1351	252549570033238016	erin_henneke	2012-09-30 19:24	0		Against	39.21	-84.56	5km	NA	NA	NA	NA	NA	
1352	236263189896110080	KamChance	2012-08-16 20:48	0		Against	39.21	-84.56	5km	NA	NA	NA	NA	NA	
1353	232908362147307520	ashuhmuhlee	2012-08-07 14:37	0	#PeopleIWouldSexuallyDestroy	Against	39.21	-84.56	5km	NA	NA	NA	NA	NA	
1354	230301177911328768	ashuhmuhlee	2012-07-31 09:57	0		Against	39.21	-84.56	5km	NA	NA	NA	NA	NA	
1355	229597029549096960	just4me2see	2012-07-29 11:19	0		Against	39.21	-84.56	5km	NA	NA	NA	NA	NA	
1356	249321966803247104	_Timovia	2012-09-21 21:39	0	#YouCanSeeItAll	Against	39.21	-84.59	5km	NA	NA	NA	NA	NA	
1357	246663570316734464	_Timovia	2012-09-14 13:35	0		Against	39.21	-84.59	5km	NA	NA	NA	NA	NA	
1358	243837360800927744	Listy1976	2012-09-06 18:25	0	#getbold	Against	39.21	-84.59	5km	NA	NA	NA	NA	NA	
1359	228671670011977729	meowinara	2012-07-26 22:02	0		Against	39.21	-84.62	5km	NA	NA	NA	NA	NA	
1360	226031228741111808	foxx_cm	2012-07-19 15:10	0		Against	39.21	-84.62	5km	NA	NA	NA	NA	NA	
1361	197114767012405249	LilCigarillo	2012-04-30 20:06	0		Against	39.21	-84.65	5km	NA	NA	NA	NA	NA	
1362	282541952526856192	25lonnie	2012-12-22 12:43	0		Against	39.23	-84.35	5km	NA	NA	NA	NA	NA	
1363	281134220670300160	The_Tomenator	2012-12-18 15:29	0		Against	39.23	-84.35	5km	NA	NA	NA	NA	NA	
1364	275006857565851648	kylewdavis	2012-12-01 17:41	0	#MLSCup	Against	39.23	-84.35	5km	NA	NA	NA	NA	NA	
1365	271327352892563456	The_Tomenator	2012-11-21 14:00	0		Against	39.23	-84.35	5km	NA	NA	NA	NA	NA	
1366	269538024369573888	45249	2012-11-16 15:30	0		Against	39.23	-84.35	5km	NA	NA	NA	NA	NA	
1367	240839732647571456	Ralph1950Ralph	2012-08-29 11:54	0		Against	39.23	-84.35	5km	NA	NA	NA	NA	NA	
1368	231849788079996928	BAYB_Katrell	2012-08-04 16:31	0	#2012Olympics	Against	39.23	-84.35	5km	NA	NA	NA	NA	NA	
1369	230792506177097728	Mylifezamusing	2012-08-01 18:29	0	#epic #ChristFirst	Against	39.23	-84.35	5km	NA	NA	NA	NA	NA	
1370	226785671044538369	kelliespeed	2012-07-21 17:08	0	#np	Against	39.23	-84.35	5km	NA	NA	NA	NA	NA	
1371	214899872980148226	JeffreyMStewart	2012-06-18 21:58	0		Against	39.23	-84.35	5km	NA	NA	NA	NA	NA	
1372	214049271392120832	25lonnie	2012-06-16 13:38	0		Against	39.23	-84.35	5km	NA	NA	NA	NA	NA	
1373	213063616797212672	25lonnie	2012-06-13 20:21	1		Against	39.23	-84.35	5km	NA	NA	NA	NA	NA	
1374	185696936458854400	budweisker	2012-03-30 07:56	0		Against	39.23	-84.35	5km	NA	NA	NA	NA	NA	
1375	179737977608613889	45249	2012-03-13 21:17	0		Against	39.23	-84.35	5km	NA	NA	NA	NA	NA	
1376	172052666682318848	45249	2012-02-21 15:18	0		Against	39.23	-84.35	5km	NA	NA	NA	NA	NA	
1377	162422393883738112	45249	2012-01-26 01:31	0		Against	39.23	-84.35	5km	NA	NA	NA	NA	NA	
1378	244134115270610946	ItsLoverBoi	2012-09-07 14:04	0		Against	39.23	-84.38	5km	NA	NA	NA	NA	NA	
1379	222785551646986240	MS_SHERINEMINOR	2012-07-10 16:13	0	#Aquarians	Against	39.23	-84.38	5km	NA	NA	NA	NA	NA	
1380	215616335579844609	BSmoov83	2012-06-20 21:25	0	#ohnodallasisadrunk	Against	39.23	-84.38	5km	NA	NA	NA	NA	NA	
1381	212752521150734336	royalboyle13	2012-06-12 23:45	0		Against	39.23	-84.38	5km	NA	NA	NA	NA	NA	
1382	212747079729152002	royalboyle13	2012-06-12 23:23	1		Against	39.23	-84.38	5km	NA	NA	NA	NA	NA	
1383	212736822143492096	royalboyle13	2012-06-12 22:43	0		Against	39.23	-84.38	5km	NA	NA	NA	NA	NA	
1384	206389953154916352	MissP_MaizedOut	2012-05-26 10:22	0		Against	39.23	-84.38	5km	NA	NA	NA	NA	NA	
1385	262303888827379712	BGSUMensRugby	2012-10-27 17:24	2		Against	39.23	-84.41	5km	NA	NA	NA	NA	NA	
1386	240886597711691778	ScherzingerPC	2012-08-29 15:00	0		Against	39.23	-84.41	5km	NA	NA	NA	NA	NA	
1387	226787424100044802	maggiegalan1	2012-07-21 17:15	0		Against	39.23	-84.41	5km	NA	NA	NA	NA	NA	
1388	216246485677903872	LivinLEGENDdary	2012-06-22 15:09	0		Against	39.23	-84.41	5km	NA	NA	NA	NA	NA	
1389	282000571823714305	Semaj_A1sinceD1	2012-12-21 00:52	0		Against	39.23	-84.44	5km	NA	NA	NA	NA	NA	
1390	268558657023799296	loudpackdrive	2012-11-13 22:39	0		Against	39.23	-84.44	5km	NA	NA	NA	NA	NA	
1391	266242223174189057	_mssydnei	2012-11-07 13:14	0		Against	39.23	-84.44	5km	NA	NA	NA	NA	NA	
1392	265579577680744448	_ShiFtHappens_	2012-11-05 17:21	1	#THINKFORYOURSELF #Obama2012 #OBAMANATION	Against	39.23	-84.44	5km	NA	NA	NA	NA	NA	
1393	245265447790977024	Nolababy504T	2012-09-10 17:00	0		Against	39.23	-84.44	5km	NA	NA	NA	NA	NA	
1394	244032102385975297	FreeNoSocks	2012-09-07 07:19	0		Against	39.23	-84.44	5km	NA	NA	NA	NA	NA	
1395	236846708548571136	taaaand	2012-08-18 11:27	0	#mufc #AFCvSAFC	Against	39.23	-84.44	5km	NA	NA	NA	NA	NA	
1396	231767229769871361	JacqueRamoneJr	2012-08-04 11:03	0		Against	39.23	-84.44	5km	NA	NA	NA	NA	NA	
1397	283974350695170048	Kwaminho	2012-12-26 11:35	0	#Liberty #BerekumChelsea	Against	39.23	-84.47	5km	NA	NA	NA	NA	NA	
1398	223189171437715456	DesereeMarie_	2012-07-11 18:56	0		Against	39.23	-84.47	5km	NA	NA	NA	NA	NA	
1399	255053587711934464	K_Yoho	2012-10-07 17:14	0		Against	39.23	-84.5	5km	NA	NA	NA	NA	NA	
1400	263021372463255552	Cam_Franco	2012-10-29 16:55	0		Against	39.23	-84.53	5km	NA	NA	NA	NA	NA	
1401	250352774422872066	_LovingMyNaomi_	2012-09-24 17:55	0		Against	39.23	-84.53	5km	NA	NA	NA	NA	NA	
1402	247473945702440961	prettyundataka	2012-09-16 19:16	0		Against	39.23	-84.53	5km	NA	NA	NA	NA	NA	
1403	271428276193480704	katelyndelaneyx	2012-11-21 20:41	1		Against	39.23	-84.56	5km	NA	NA	NA	NA	NA	
1404	265675233552388096	__sheLOYAL	2012-11-05 23:41	0		Against	39.23	-84.56	5km	NA	NA	NA	NA	NA	
1405	246991164929105921	_LovingMyNaomi_	2012-09-15 11:17	0		Against	39.23	-84.56	5km	NA	NA	NA	NA	NA	
1406	233513959150481408	greetings4u	2012-08-09 06:44	0		Against	39.23	-84.59	5km	NA	NA	NA	NA	NA	
1407	219542872372940800	KellyBraun513	2012-07-01 17:27	0		Against	39.23	-84.62	5km	NA	NA	NA	NA	NA	
1408	217871991439491072	iLixxxClits	2012-06-27 02:48	0	#BoutdatLife	Against	39.23	-84.62	5km	NA	NA	NA	NA	NA	
1409	210785379647889408	PatDelMuerte	2012-06-07 13:28	0		Against	39.23	-84.62	5km	NA	NA	NA	NA	NA	
1410	207879021889986560	YaFavoriteHomie	2012-05-30 12:59	0		Against	39.23	-84.62	5km	NA	NA	NA	NA	NA	
1411	201725436277952512	_Timovia	2012-05-13 13:27	0	#ImNotDigginThis	Against	39.23	-84.65	5km	NA	NA	NA	NA	NA	
1412	197067158356885504	jkwuc89	2012-04-30 16:57	0		Against	39.23	-84.65	5km	NA	NA	NA	NA	NA	
1413	193774119370764289	_Timovia	2012-04-21 14:52	1		Against	39.23	-84.65	5km	NA	NA	NA	NA	NA	
1414	189224286043643904	45252	2012-04-09 01:32	0		Against	39.23	-84.65	5km	NA	NA	NA	NA	NA	
1415	180392077706797056	_Timovia	2012-03-15 16:36	0		Against	39.23	-84.65	5km	NA	NA	NA	NA	NA	
1416	177449172180549632	_Timovia	2012-03-07 12:42	0		Against	39.23	-84.65	5km	NA	NA	NA	NA	NA	
1417	284443878159941633	kkatelyn_marie	2012-12-27 18:41	0		Against	39.25	-84.35	5km	NA	NA	NA	NA	NA	
1418	268931524148203522	C_Burtt	2012-11-14 23:20	0		Against	39.25	-84.35	5km	NA	NA	NA	NA	NA	
1419	257313256828444672	Bryan_Bishop	2012-10-13 22:53	0		Against	39.25	-84.35	5km	NA	NA	NA	NA	NA	
1420	238245232448270336	aliciarruss	2012-08-22 08:04	0	#stupidwork	Against	39.25	-84.35	5km	NA	NA	NA	NA	NA	
1421	179886136599121920	ashtonlwilson	2012-03-14 07:06	0		Against	39.25	-84.35	5km	NA	NA	NA	NA	NA	
1422	171072573705166849	Senpai_WZRD	2012-02-18 22:24	0	#HaikuSwagg	Against	39.25	-84.35	5km	NA	NA	NA	NA	NA	
1423	161189974459420672	rashadmrt	2012-01-22 15:54	0		Against	39.25	-84.35	5km	NA	NA	NA	NA	NA	
1424	278476618689826817	SWINGNMISS7	2012-12-11 07:29	0		Against	39.25	-84.38	5km	NA	NA	NA	NA	NA	
1425	217070729261363201	kiahtheactress	2012-06-24 21:44	2		Against	39.25	-84.38	5km	NA	NA	NA	NA	NA	
1426	187611219333615616	agrause07	2012-04-04 14:42	0		Against	39.25	-84.38	5km	NA	NA	NA	NA	NA	
1427	280649961341861888	SWINGNMISS7	2012-12-17 07:25	0		Against	39.25	-84.41	5km	NA	NA	NA	NA	NA	
1428	259731300573933568	DrewPalmer278	2012-10-20 15:02	1	#Vipers	Against	39.25	-84.41	5km	NA	NA	NA	NA	NA	
1429	242113543024041984	DYunk7	2012-09-02 00:15	0		Against	39.25	-84.41	5km	NA	NA	NA	NA	NA	
1430	224259515812560896	BSmoov83	2012-07-14 17:50	0		Against	39.25	-84.41	5km	NA	NA	NA	NA	NA	
1431	281838431972233216	Kwaminho	2012-12-20 14:08	0		Against	39.25	-84.44	5km	NA	NA	NA	NA	NA	
1432	270552791599169537	nop220	2012-11-19 10:43	0		Against	39.25	-84.44	5km	NA	NA	NA	NA	NA	
1433	254022331981234178	Jefelemarc	2012-10-04 20:56	0	#GoTrojans	Against	39.25	-84.44	5km	NA	NA	NA	NA	NA	
1434	254009491761278976	itsmetorilawlz	2012-10-04 20:05	0		Against	39.25	-84.44	5km	NA	NA	NA	NA	NA	
1435	248538373587861504	itsmetorilawlz	2012-09-19 17:45	0		Against	39.25	-84.44	5km	NA	NA	NA	NA	NA	
1436	285246679651848192	KerenMonet	2012-12-29 23:51	0		Against	39.25	-84.47	5km	NA	NA	NA	NA	NA	
1437	267658398424784896	LovingHer_4eva	2012-11-11 11:01	0		Against	39.25	-84.47	5km	NA	NA	NA	NA	NA	
1438	265533928344014848	Pacman__Jr	2012-11-05 14:19	0		Against	39.25	-84.47	5km	NA	NA	NA	NA	NA	
1439	265277865904451584	MaseDenver	2012-11-04 21:22	0		Against	39.25	-84.47	5km	NA	NA	NA	NA	NA	
1440	259652844360183808	LutyGrizzwall	2012-10-20 09:50	0		Against	39.25	-84.47	5km	NA	NA	NA	NA	NA	
1441	254989796768899072	LutyGrizzwall	2012-10-07 13:01	0		Against	39.25	-84.47	5km	NA	NA	NA	NA	NA	
1442	243905587614720000	ManMadeQue	2012-09-06 22:56	0		Against	39.25	-84.47	5km	NA	NA	NA	NA	NA	
1443	283973000720678913	LastKingJulio	2012-12-26 11:30	0		Against	39.25	-84.5	5km	NA	NA	NA	NA	NA	
1444	280161542731857920	ibangouttweets_	2012-12-15 23:04	1		Against	39.25	-84.5	5km	NA	NA	NA	NA	NA	
1445	273595341000019969	diegojimmyjames	2012-11-27 20:13	0	#thevoice	Against	39.25	-84.5	5km	NA	NA	NA	NA	NA	
1446	264710197451304961	T_Rell_E	2012-11-03 08:46	1		Against	39.25	-84.5	5km	NA	NA	NA	NA	NA	
1447	243691151348097024	_SN_RunSHit	2012-09-06 08:44	0		Against	39.25	-84.5	5km	NA	NA	NA	NA	NA	
1448	241335250284851200	LuvUSumJuicy	2012-08-30 20:43	0		Against	39.25	-84.5	5km	NA	NA	NA	NA	NA	
1449	241321277325967360	Creph_Crayon	2012-08-30 19:47	1		Against	39.25	-84.5	5km	NA	NA	NA	NA	NA	
1450	279411607988219904	Bri_Nichole9	2012-12-13 21:24	0		Against	39.25	-84.53	5km	NA	NA	NA	NA	NA	
1451	277456082601914368	_xxBeautifulMe	2012-12-08 11:54	0		Against	39.25	-84.53	5km	NA	NA	NA	NA	NA	
1452	264181555537260545	KyleGoheen	2012-11-01 21:46	0	#onmyowntv #giggity #geet #FML	Against	39.25	-84.53	5km	NA	NA	NA	NA	NA	
1453	258257820477186048	ChlosterSays	2012-10-16 13:27	0		Against	39.25	-84.53	5km	NA	NA	NA	NA	NA	
1454	251113850370404353	ChlosterSays	2012-09-26 20:19	0		Against	39.25	-84.53	5km	NA	NA	NA	NA	NA	
1455	249983130755289088	ChlosterSays	2012-09-23 17:26	0		Against	39.25	-84.53	5km	NA	NA	NA	NA	NA	
1456	242353324496662529	FrankGuwop2x	2012-09-02 16:08	0	#PutthatOnMySet	Against	39.25	-84.56	5km	NA	NA	NA	NA	NA	
1457	241625856924082176	MoneyMelo	2012-08-31 15:57	0	#HoldItDown	Against	39.25	-84.56	5km	NA	NA	NA	NA	NA	
1458	233946930307276801	ElectraFlash	2012-08-10 11:24	0	#20YearsofThunder	Against	39.25	-84.59	5km	NA	NA	NA	NA	NA	
1459	219992189495820288	BcatSizer	2012-07-02 23:13	0	#WorkMoney	Against	39.25	-84.59	5km	NA	NA	NA	NA	NA	
1460	210181776176459777	I_Am_Stan	2012-06-05 21:30	0		Against	39.25	-84.59	5km	NA	NA	NA	NA	NA	
1461	210166571115618305	DJKLASSYK	2012-06-05 20:29	0		Against	39.25	-84.62	5km	NA	NA	NA	NA	NA	
1462	200106171825270784	iLixxxClits	2012-05-09 02:13	0		Against	39.25	-84.62	5km	NA	NA	NA	NA	NA	
1463	191986245449158657	Ayee_Yoo_Naee	2012-04-16 16:27	0		Against	39.25	-84.62	5km	NA	NA	NA	NA	NA	
1464	191760813671976960	45251	2012-04-16 01:31	0		Against	39.25	-84.62	5km	NA	NA	NA	NA	NA	
1465	187411962118930432	45251	2012-04-04 01:31	0		Against	39.25	-84.65	5km	NA	NA	NA	NA	NA	
1466	273811817506156544	KRStew1	2012-11-28 10:33	0		Agency	39.05	-84.47	5km	NA	NA	NA	NA	NA	
1467	279295562476552192	jamespilcher	2012-12-13 13:43	0		Agency	39.05	-84.5	5km	NA	NA	NA	NA	NA	
1468	248268249601552385	drharper88	2012-09-18 23:52	0		Agency	39.05	-84.5	5km	NA	NA	NA	NA	NA	
1469	190199244047650816	PattiVS	2012-04-11 18:06	1	#lifestinks #otr	Agency	39.05	-84.5	5km	NA	NA	NA	NA	NA	
1470	174513814530834433	kmmarsh	2012-02-28 10:18	0		Agency	39.05	-84.5	5km	NA	NA	NA	NA	NA	
1471	174151460710383616	kmmarsh	2012-02-27 10:18	0		Agency	39.05	-84.5	5km	NA	NA	NA	NA	NA	
1472	172706391084122114	kmmarsh	2012-02-23 10:36	0		Agency	39.05	-84.5	5km	NA	NA	NA	NA	NA	
1473	164345729870086144	kmmarsh	2012-01-31 08:54	0		Agency	39.05	-84.5	5km	NA	NA	NA	NA	NA	
1474	158921211047448576	kmmarsh	2012-01-16 09:39	0	#happymlkday	Agency	39.05	-84.5	5km	NA	NA	NA	NA	NA	
1475	154206501362335744	kmmarsh	2012-01-03 09:24	0		Agency	39.05	-84.5	5km	NA	NA	NA	NA	NA	
1476	184073061241339905	mekeith02	2012-03-25 20:23	0		Agency	39.05	-84.53	5km	NA	NA	NA	NA	NA	
1477	179673266888261633	mekeith02	2012-03-13 17:00	0		Agency	39.05	-84.53	5km	NA	NA	NA	NA	NA	
1478	271262719993344000	tomstuder	2012-11-21 09:44	0		Agency	39.05	-84.65	5km	NA	NA	NA	NA	NA	
1479	267309873744728064	tomstuder	2012-11-10 11:56	0		Agency	39.05	-84.65	5km	NA	NA	NA	NA	NA	
1480	257496558801649665	tomstuder	2012-10-14 11:02	0		Agency	39.05	-84.65	5km	NA	NA	NA	NA	NA	
1481	250936812183371778	TaraEMorris	2012-09-26 08:36	0		Agency	39.07	-84.47	5km	NA	NA	NA	NA	NA	
1482	249201151982047233	cshalay	2012-09-21 13:39	0		Agency	39.07	-84.47	5km	NA	NA	NA	NA	NA	
1483	246739603283931138	rcayabyab	2012-09-14 18:38	0	#cincydesignweek	Agency	39.07	-84.47	5km	NA	NA	NA	NA	NA	
1484	246709462512046080	rcayabyab	2012-09-14 16:38	0	#CincyDesignWeek	Agency	39.07	-84.47	5km	NA	NA	NA	NA	NA	
1485	232612846280769537	kate_the_great	2012-08-06 19:03	0		Agency	39.07	-84.47	5km	NA	NA	NA	NA	NA	
1486	222836285641998338	alexparksdottv	2012-07-10 19:34	0		Agency	39.07	-84.47	5km	NA	NA	NA	NA	NA	
1487	208717047612456961	GetReceptioJobs	2012-06-01 20:29	0	#Cincinnati #Receptionist #jobs #job #GetAllJobs	Agency	39.07	-84.47	5km	NA	NA	NA	NA	NA	
1488	192980207261581312	Cincinnatijob	2012-04-19 10:17	1	#jobcircle #jobs	Agency	39.07	-84.47	5km	NA	NA	NA	NA	NA	
1489	192980160272793600	OHjobs	2012-04-19 10:17	0	#jobcircle #jobs	Agency	39.07	-84.47	5km	NA	NA	NA	NA	NA	
1490	192980114928189441	officecareers	2012-04-19 10:16	0	#jobcircle #jobs	Agency	39.07	-84.47	5km	NA	NA	NA	NA	NA	
1491	188148687384477696	45202	2012-04-06 02:18	0		Agency	39.07	-84.47	5km	NA	NA	NA	NA	NA	
1492	187213686396555264	GetFinPlannJobs	2012-04-03 12:23	0	#Cincinnati #FinancialPlanning #jobs #job #GetAllJobs	Agency	39.07	-84.47	5km	NA	NA	NA	NA	NA	
1493	159188772108513280	GetRecruitiJobs	2012-01-17 03:22	0	#Cincinnati #Recruiting #jobs #job #GetAllJobs	Agency	39.07	-84.47	5km	NA	NA	NA	NA	NA	
1494	154344180204843008	GetRecruitiJobs	2012-01-03 18:31	0	#Cincinnati #Recruiting #jobs #job #GetAllJobs	Agency	39.07	-84.47	5km	NA	NA	NA	NA	NA	
1495	217619649481814017	stevekemple	2012-06-26 10:05	0	#3159	Agency	39.07	-84.5	5km	NA	NA	NA	NA	NA	
1496	204611999974424579	mdcurley	2012-05-21 12:37	0	#3159	Agency	39.07	-84.5	5km	NA	NA	NA	NA	NA	
1497	177485706615201792	samlocey	2012-03-07 15:07	0	#3159	Agency	39.07	-84.5	5km	NA	NA	NA	NA	NA	
1498	161815021419102208	SaaSSpecialOps	2012-01-24 09:18	0	#3159	Agency	39.07	-84.5	5km	NA	NA	NA	NA	NA	
1499	207177090217410562	EMPRYL	2012-05-28 14:30	0		Agency	39.07	-84.53	5km	NA	NA	NA	NA	NA	
1500	264045953349197824	steinman17	2012-11-01 12:47	0		Agency	39.09	-84.47	5km	NA	NA	NA	NA	NA	
1501	189883530149498881	PattiVS	2012-04-10 21:12	0	#otr	Agency	39.09	-84.47	5km	NA	NA	NA	NA	NA	
1502	277485532945190913	iGotTheTea1	2012-12-08 13:51	0		Agency	39.09	-84.5	5km	NA	NA	NA	NA	NA	
1503	210066440651407360	PrinceKingsleyy	2012-06-05 13:51	0	#UC	Agency	39.09	-84.5	5km	NA	NA	NA	NA	NA	
1504	200273134807547905	PrinceKingsleyy	2012-05-09 13:16	0		Agency	39.09	-84.5	5km	NA	NA	NA	NA	NA	
1505	175662404041056256	PhotogOnFire	2012-03-02 14:22	0		Agency	39.09	-84.5	5km	NA	NA	NA	NA	NA	
1506	175645871294259201	PhotogOnFire	2012-03-02 13:16	0		Agency	39.09	-84.5	5km	NA	NA	NA	NA	NA	
1507	210883245276016641	TheRealYouu	2012-06-07 19:57	0		Agency	39.09	-84.53	5km	NA	NA	NA	NA	NA	
1508	205893922055131137	topix_oh	2012-05-25 01:31	0	#Cincinnati #Ohio	Agency	39.11	-84.38	5km	NA	NA	NA	NA	NA	
1509	197319461332713472	DJKLASSYK	2012-05-01 09:40	0		Agency	39.11	-84.44	5km	NA	NA	NA	NA	NA	
1510	283618317485346818	iGotTheTea1	2012-12-25 12:00	0		Agency	39.11	-84.47	5km	NA	NA	NA	NA	NA	
1511	259663949493063680	yumyumz2	2012-10-20 10:34	0	#mwah	Agency	39.11	-84.47	5km	NA	NA	NA	NA	NA	
1512	209656757939740673	CatsFan03	2012-06-04 10:44	0		Agency	39.11	-84.47	5km	NA	NA	NA	NA	NA	
1513	280890716517986304	RyanMCrabb	2012-12-17 23:22	0	#done	Agency	39.11	-84.56	5km	NA	NA	NA	NA	NA	
1514	235055441342758912	kspraul	2012-08-13 12:49	0		Agency	39.11	-84.62	5km	NA	NA	NA	NA	NA	
1515	154751450046676993	TravisChilds	2012-01-04 21:29	0		Agency	39.13	-84.41	5km	NA	NA	NA	NA	NA	
1516	194855380449374209	GetFinPlannJobs	2012-04-24 14:28	0	#Cincinnati #FinancialPlanning #jobs #job #GetAllJobs	Agency	39.13	-84.44	5km	NA	NA	NA	NA	NA	
1517	187611699677896704	GetFinPlannJobs	2012-04-04 14:44	0	#Cincinnati #FinancialPlanning #jobs #job #GetAllJobs	Agency	39.13	-84.44	5km	NA	NA	NA	NA	NA	
1518	234317776406331393	johnedmerson	2012-08-11 11:58	0		Agency	39.15	-84.35	5km	NA	NA	NA	NA	NA	
1519	166338449606066176	jlzoeckler	2012-02-05 20:52	0	#superbowl	Agency	39.15	-84.35	5km	NA	NA	NA	NA	NA	
1520	262914584971735040	HotandSixty	2012-10-29 09:51	0		Agency	39.15	-84.41	5km	NA	NA	NA	NA	NA	
1521	262744065861361665	HotandSixty	2012-10-28 22:34	0		Agency	39.15	-84.41	5km	NA	NA	NA	NA	NA	
1522	236526183037157379	JEVELYNG	2012-08-17 14:13	0		Agency	39.15	-84.44	5km	NA	NA	NA	NA	NA	
1523	236458209370595329	wayneboxmiller	2012-08-17 09:43	0		Agency	39.15	-84.44	5km	NA	NA	NA	NA	NA	
1524	158944723694927872	JEVELYNG	2012-01-16 11:12	0		Agency	39.15	-84.44	5km	NA	NA	NA	NA	NA	
1525	158950223949996032	JEVELYNG	2012-01-16 11:34	1		Agency	39.15	-84.47	5km	NA	NA	NA	NA	NA	
1526	223673342115315712	45236	2012-07-13 03:00	0		Agency	39.17	-84.38	5km	NA	NA	NA	NA	NA	
1527	213443146917494784	THUXXIN_NOISE	2012-06-14 21:29	0		Agency	39.17	-84.53	5km	NA	NA	NA	NA	NA	
1528	197408371391987712	bengundrum2890	2012-05-01 15:33	0	#Audibles	Agency	39.17	-84.56	5km	NA	NA	NA	NA	NA	
1529	203111360446480388	michaelmunozjr	2012-05-17 09:14	0		Agency	39.19	-84.35	5km	NA	NA	NA	NA	NA	
1530	197697719702274048	michaelmunozjr	2012-05-02 10:43	0		Agency	39.19	-84.35	5km	NA	NA	NA	NA	NA	
1531	197326604618309632	michaelmunozjr	2012-05-01 10:08	0		Agency	39.19	-84.35	5km	NA	NA	NA	NA	NA	
1532	195875580804210690	michaelmunozjr	2012-04-27 10:02	0		Agency	39.19	-84.35	5km	NA	NA	NA	NA	NA	
1533	195500426718752770	michaelmunozjr	2012-04-26 09:11	0		Agency	39.19	-84.35	5km	NA	NA	NA	NA	NA	
1534	195128417098809345	michaelmunozjr	2012-04-25 08:33	0		Agency	39.19	-84.35	5km	NA	NA	NA	NA	NA	
1535	194794027151929347	michaelmunozjr	2012-04-24 10:24	0		Agency	39.19	-84.35	5km	NA	NA	NA	NA	NA	
1536	180377598843559938	mekeith02	2012-03-15 15:39	0		Agency	39.19	-84.53	5km	NA	NA	NA	NA	NA	
1537	223650768144703488	45242	2012-07-13 01:31	0		Agency	39.21	-84.35	5km	NA	NA	NA	NA	NA	
1538	205043598088093696	giese	2012-05-22 17:12	0		Agency	39.21	-84.35	5km	NA	NA	NA	NA	NA	
1539	197868746243710976	Carlschik	2012-05-02 22:02	0		Agency	39.21	-84.59	5km	NA	NA	NA	NA	NA	
1540	256167837238972416	NSpriggs1	2012-10-10 19:02	0		Agency	39.23	-84.38	5km	NA	NA	NA	NA	NA	
1541	256166634174169088	NSpriggs1	2012-10-10 18:57	0		Agency	39.23	-84.38	5km	NA	NA	NA	NA	NA	
1542	256163268400394241	NSpriggs1	2012-10-10 18:44	0		Agency	39.23	-84.38	5km	NA	NA	NA	NA	NA	
1543	256162959141793792	NSpriggs1	2012-10-10 18:43	0		Agency	39.23	-84.38	5km	NA	NA	NA	NA	NA	
1544	256162574696062976	NSpriggs1	2012-10-10 18:41	0		Agency	39.23	-84.38	5km	NA	NA	NA	NA	NA	
1545	180236556425113600	Slimiz	2012-03-15 06:18	0		Agency	39.23	-84.41	5km	NA	NA	NA	NA	NA	
1546	227827174042894338	kylebunker	2012-07-24 14:06	0		Agency	39.25	-84.35	5km	NA	NA	NA	NA	NA	
1547	223650767981117440	45241	2012-07-13 01:31	0		Agency	39.25	-84.35	5km	NA	NA	NA	NA	NA	
1548	178861599694651392	douglasrkraus	2012-03-11 11:15	0		Agency	39.25	-84.35	5km	NA	NA	NA	NA	NA	
1549	203960827542388737	SadieSaySo	2012-05-19 17:30	1	#GEEKIN	Agency	39.25	-84.44	5km	NA	NA	NA	NA	NA	
1550	280535092982595585	zack_shelton	2012-12-16 23:49	0	#WhatsUpFlorida	Alarm	39.05	-84.35	5km	NA	NA	NA	NA	NA	
1551	265137105481646081	firesign3000	2012-11-04 12:03	0		Alarm	39.05	-84.35	5km	NA	NA	NA	NA	NA	
1552	258415680867688448	caseypetit	2012-10-16 23:54	1	#hellyeahhhh	Alarm	39.05	-84.35	5km	NA	NA	NA	NA	NA	
1553	255973926402920448	LiV_ScHu	2012-10-10 06:11	0	#worstfeelingintheworld	Alarm	39.05	-84.35	5km	NA	NA	NA	NA	NA	
1554	253704325434593282	caseypetit	2012-10-03 23:53	0	#bestfeelingever	Alarm	39.05	-84.35	5km	NA	NA	NA	NA	NA	
1555	250433848482095105	caseypetit	2012-09-24 23:17	0		Alarm	39.05	-84.35	5km	NA	NA	NA	NA	NA	
1556	242539530341732352	CoCa_Coyla	2012-09-03 04:28	0		Alarm	39.05	-84.35	5km	NA	NA	NA	NA	NA	
1557	238846174545735680	LiV_ScHu	2012-08-23 23:52	1	#dontwantschool	Alarm	39.05	-84.35	5km	NA	NA	NA	NA	NA	
1558	210552180640456705	samm_frann	2012-06-06 22:02	0		Alarm	39.05	-84.35	5km	NA	NA	NA	NA	NA	
1559	195928389985636352	45230	2012-04-27 13:32	0		Alarm	39.05	-84.35	5km	NA	NA	NA	NA	NA	
1560	232324420117594113	Yess_ThisIsShe	2012-08-05 23:57	1	#WorkFlow	Alarm	39.05	-84.38	5km	NA	NA	NA	NA	NA	
1561	219915332364677120	sharkeyxavier12	2012-07-02 18:07	0		Alarm	39.05	-84.38	5km	NA	NA	NA	NA	NA	
1562	273046597473026049	Lenacupcake101	2012-11-26 07:52	0		Alarm	39.05	-84.41	5km	NA	NA	NA	NA	NA	
1563	250449419055542273	____kamryn	2012-09-25 00:19	0		Alarm	39.05	-84.41	5km	NA	NA	NA	NA	NA	
1564	248327910933557248	____kamryn	2012-09-19 03:49	0	#exhaustion #worthit	Alarm	39.05	-84.41	5km	NA	NA	NA	NA	NA	
1565	239011109791727616	kvonkorff	2012-08-24 10:47	0		Alarm	39.05	-84.41	5km	NA	NA	NA	NA	NA	
1566	227778845741293568	maremann	2012-07-24 10:54	0		Alarm	39.05	-84.41	5km	NA	NA	NA	NA	NA	
1567	203539811146006528	kbrooketuck	2012-05-18 13:37	0	#second	Alarm	39.05	-84.41	5km	NA	NA	NA	NA	NA	
1568	203487504081485824	StephanieMcvey1	2012-05-18 10:09	0		Alarm	39.05	-84.41	5km	NA	NA	NA	NA	NA	
1569	197921768042799104	taytwyn	2012-05-03 01:33	0	#thingsilivefor #summershere	Alarm	39.05	-84.41	5km	NA	NA	NA	NA	NA	
1570	192963965473669120	ItsMISSnoncy2U	2012-04-19 09:12	0		Alarm	39.05	-84.41	5km	NA	NA	NA	NA	NA	
1571	165764265297448960	ItsMISSnoncy2U	2012-02-04 06:50	0		Alarm	39.05	-84.41	5km	NA	NA	NA	NA	NA	
1572	285447874597224448	kellen_balson	2012-12-30 13:10	0		Alarm	39.05	-84.44	5km	NA	NA	NA	NA	NA	
1573	283237396336742401	lexyfreeman7	2012-12-24 10:47	1		Alarm	39.05	-84.44	5km	NA	NA	NA	NA	NA	
1574	282421084484169728	emily_sueee	2012-12-22 04:43	0		Alarm	39.05	-84.44	5km	NA	NA	NA	NA	NA	
1575	276168832274550784	WhitSutkamp	2012-12-04 22:39	0		Alarm	39.05	-84.44	5km	NA	NA	NA	NA	NA	
1576	274762260239491073	flawsnalll_	2012-12-01 01:30	0		Alarm	39.05	-84.44	5km	NA	NA	NA	NA	NA	
1577	230307876982370304	leigh_leelee	2012-07-31 10:24	0		Alarm	39.05	-84.44	5km	NA	NA	NA	NA	NA	
1578	214092356364931072	A_Kiniyalocts	2012-06-16 16:29	0		Alarm	39.05	-84.44	5km	NA	NA	NA	NA	NA	
1579	280927237476347905	G_PaidForIt	2012-12-18 01:47	0	#SnoozeButton	Alarm	39.05	-84.47	5km	NA	NA	NA	NA	NA	
1580	280544005429805056	uhlyssaleigh	2012-12-17 00:24	0	#mylifesucks	Alarm	39.05	-84.47	5km	NA	NA	NA	NA	NA	
1581	277353642468728832	thatboyUG	2012-12-08 05:07	0		Alarm	39.05	-84.47	5km	NA	NA	NA	NA	NA	
1582	273382411734241280	TeddyBlair12	2012-11-27 06:07	0	#fml	Alarm	39.05	-84.47	5km	NA	NA	NA	NA	NA	
1583	271111356705562625	uhlyssaleigh	2012-11-20 23:42	1		Alarm	39.05	-84.47	5km	NA	NA	NA	NA	NA	
1584	267801687077568512	Mollyodonnell	2012-11-11 20:31	0		Alarm	39.05	-84.47	5km	NA	NA	NA	NA	NA	
1585	264374908602159104	KRStew1	2012-11-02 10:34	0		Alarm	39.05	-84.47	5km	NA	NA	NA	NA	NA	
1586	257695466928607232	thatboyUG	2012-10-15 00:12	1		Alarm	39.05	-84.47	5km	NA	NA	NA	NA	NA	
1587	256245424942362624	uhlyssaleigh	2012-10-11 00:10	0		Alarm	39.05	-84.47	5km	NA	NA	NA	NA	NA	
1588	251897418403168256	JCraigKY	2012-09-29 00:13	0	#America #tcot	Alarm	39.05	-84.47	5km	NA	NA	NA	NA	NA	
1589	233767403539013632	uhlyssaleigh	2012-08-09 23:31	0		Alarm	39.05	-84.47	5km	NA	NA	NA	NA	NA	
1590	208451360973262848	Jhenna_Shai	2012-06-01 02:54	0	#TeamNoSleep #SleepAllDay	Alarm	39.05	-84.47	5km	NA	NA	NA	NA	NA	
1591	208425329822412800	Jhenna_Shai	2012-06-01 01:10	0	#wahhhhh	Alarm	39.05	-84.47	5km	NA	NA	NA	NA	NA	
1592	208424113457471488	Jhenna_Shai	2012-06-01 01:05	0		Alarm	39.05	-84.47	5km	NA	NA	NA	NA	NA	
1593	208048875381063681	sailorantifa	2012-05-31 00:14	0	#firstworldproblems	Alarm	39.05	-84.47	5km	NA	NA	NA	NA	NA	
1594	166863507139215360	_MissionVision_	2012-02-07 07:38	0		Alarm	39.05	-84.47	5km	NA	NA	NA	NA	NA	
1595	162122553903677440	calmscorpio5	2012-01-25 05:40	0		Alarm	39.05	-84.47	5km	NA	NA	NA	NA	NA	
1596	275586741715496960	mantis_taboggin	2012-12-03 08:06	0		Alarm	39.05	-84.5	5km	NA	NA	NA	NA	NA	
1597	260917452697903105	JennHaggerty	2012-10-23 21:35	0		Alarm	39.05	-84.5	5km	NA	NA	NA	NA	NA	
1598	254208084497559553	madisonboesken	2012-10-05 09:15	0		Alarm	39.05	-84.5	5km	NA	NA	NA	NA	NA	
1599	238074027258830848	allisonlmuck	2012-08-21 20:44	0	#scared #wah #help	Alarm	39.05	-84.5	5km	NA	NA	NA	NA	NA	
1600	216024389643276289	siffordk1	2012-06-22 00:26	0		Alarm	39.05	-84.5	5km	NA	NA	NA	NA	NA	
1601	255658367392051200	madisonboesken	2012-10-09 09:17	0		Alarm	39.05	-84.53	5km	NA	NA	NA	NA	NA	
1602	226176634250739714	iewallace	2012-07-20 00:48	0		Alarm	39.05	-84.53	5km	NA	NA	NA	NA	NA	
1603	225551942464708610	sarahjchron	2012-07-18 07:25	0		Alarm	39.05	-84.53	5km	NA	NA	NA	NA	NA	
1604	181808450341310465	iGotNoFaney_21	2012-03-19 14:24	0	#musthavebeenagooddream	Alarm	39.05	-84.53	5km	NA	NA	NA	NA	NA	
1605	263852211853991936	DESYphotowerks	2012-10-31 23:57	0		Alarm	39.05	-84.56	5km	NA	NA	NA	NA	NA	
1606	201536165868879873	C_East2415	2012-05-13 00:55	0	#Poop	Alarm	39.05	-84.56	5km	NA	NA	NA	NA	NA	
1607	185263075576913920	CoachOntarioW	2012-03-29 03:12	0		Alarm	39.05	-84.56	5km	NA	NA	NA	NA	NA	
1608	247433650390589440	wellinghoffa_	2012-09-16 16:35	0		Alarm	39.05	-84.59	5km	NA	NA	NA	NA	NA	
1609	202743253563486208	VictoriaWZYP	2012-05-16 08:52	0	#morningperson	Alarm	39.05	-84.59	5km	NA	NA	NA	NA	NA	
1610	219112540288987136	KaitlynBryant_	2012-06-30 12:57	0		Alarm	39.05	-84.62	5km	NA	NA	NA	NA	NA	
1611	176232365931245569	zeesmeej	2012-03-04 04:07	1		Alarm	39.05	-84.62	5km	NA	NA	NA	NA	NA	
1612	283355255658393600	OBrien_Nolan	2012-12-24 18:35	1		Alarm	39.07	-84.35	5km	NA	NA	NA	NA	NA	
1613	244950719881433088	allie_stro	2012-09-09 20:09	0		Alarm	39.07	-84.35	5km	NA	NA	NA	NA	NA	
1614	201917359475277825	LndsPatterson	2012-05-14 02:10	0		Alarm	39.07	-84.38	5km	NA	NA	NA	NA	NA	
1615	195928393596928001	45226	2012-04-27 13:32	0		Alarm	39.07	-84.38	5km	NA	NA	NA	NA	NA	
1616	280723013031301120	AmandaParshall	2012-12-17 12:15	0		Alarm	39.07	-84.41	5km	NA	NA	NA	NA	NA	
1617	250199972270706688	StephanieTy90	2012-09-24 07:48	0		Alarm	39.07	-84.41	5km	NA	NA	NA	NA	NA	
1618	271488155604090880	bodzo23	2012-11-22 00:39	0		Alarm	39.07	-84.47	5km	NA	NA	NA	NA	NA	
1619	265557975157059584	JohnWayne_ImHer	2012-11-05 15:55	0		Alarm	39.07	-84.47	5km	NA	NA	NA	NA	NA	
1620	239556153070202880	Cmac069	2012-08-25 22:53	0		Alarm	39.07	-84.47	5km	NA	NA	NA	NA	NA	
1621	233551691289595904	jenny_hinton	2012-08-09 09:13	0		Alarm	39.07	-84.47	5km	NA	NA	NA	NA	NA	
1622	233545867578195968	jenny_hinton	2012-08-09 08:50	1		Alarm	39.07	-84.47	5km	NA	NA	NA	NA	NA	
1623	233217368971685889	jenny_hinton	2012-08-08 11:05	0		Alarm	39.07	-84.47	5km	NA	NA	NA	NA	NA	
1624	229703323647897600	cridenour	2012-07-29 18:21	0		Alarm	39.07	-84.47	5km	NA	NA	NA	NA	NA	
1625	195954863794950144	45202	2012-04-27 15:17	0		Alarm	39.07	-84.47	5km	NA	NA	NA	NA	NA	
1626	190415184186191872	TJSingler	2012-04-12 08:24	0	#lateforwork	Alarm	39.07	-84.47	5km	NA	NA	NA	NA	NA	
1627	173592200666546177	45202	2012-02-25 21:16	0		Alarm	39.07	-84.47	5km	NA	NA	NA	NA	NA	
1628	173592198108020736	45202	2012-02-25 21:16	0		Alarm	39.07	-84.47	5km	NA	NA	NA	NA	NA	
1629	162896468791918592	matthewvogele	2012-01-27 08:55	0		Alarm	39.07	-84.47	5km	NA	NA	NA	NA	NA	
1630	281032874675818497	_DGL10_	2012-12-18 08:47	2		Alarm	39.07	-84.5	5km	NA	NA	NA	NA	NA	
1631	279914772424691712	cassandra_anne	2012-12-15 06:44	0		Alarm	39.07	-84.5	5km	NA	NA	NA	NA	NA	
1632	277230485388812289	ByJoeWessels	2012-12-07 20:57	0		Alarm	39.07	-84.5	5km	NA	NA	NA	NA	NA	
1633	272921137816686592	CeciDonovan	2012-11-25 23:34	0	#hmm	Alarm	39.07	-84.5	5km	NA	NA	NA	NA	NA	
1634	250053598849953792	TJSingler	2012-09-23 22:06	0		Alarm	39.07	-84.5	5km	NA	NA	NA	NA	NA	
1635	233214808755953664	apeers31	2012-08-08 10:55	0	#Zombie	Alarm	39.07	-84.5	5km	NA	NA	NA	NA	NA	
1636	201027756002250753	berry198	2012-05-11 15:15	0		Alarm	39.07	-84.5	5km	NA	NA	NA	NA	NA	
1637	189182315652583424	KristaRae	2012-04-08 22:45	0		Alarm	39.07	-84.5	5km	NA	NA	NA	NA	NA	
1638	180638351760695296	nammitt	2012-03-16 08:55	0	#OTR	Alarm	39.07	-84.5	5km	NA	NA	NA	NA	NA	
1639	271815927060914177	__Dmontay__	2012-11-22 22:22	0		Alarm	39.07	-84.53	5km	NA	NA	NA	NA	NA	
1640	267963489090424832	EMPRYL	2012-11-12 07:14	0		Alarm	39.07	-84.53	5km	NA	NA	NA	NA	NA	
1641	243504909427802112	DontBlowMyHii	2012-09-05 20:24	0		Alarm	39.07	-84.53	5km	NA	NA	NA	NA	NA	
1642	241314874188251136	zikebutta	2012-08-30 19:22	0		Alarm	39.07	-84.53	5km	NA	NA	NA	NA	NA	
1643	275249534672715776	Brandy_513	2012-12-02 09:46	0		Alarm	39.07	-84.56	5km	NA	NA	NA	NA	NA	
1644	273917886236618753	MorrrgWhaley	2012-11-28 17:34	0		Alarm	39.07	-84.56	5km	NA	NA	NA	NA	NA	
1645	258186506303315968	iheartdestini	2012-10-16 08:43	0		Alarm	39.07	-84.56	5km	NA	NA	NA	NA	NA	
1646	253495662908411904	KaitlynEleanor	2012-10-03 10:04	0	#thatsme	Alarm	39.07	-84.56	5km	NA	NA	NA	NA	NA	
1647	164572649882783744	Hannn18	2012-01-31 23:55	0	#hellyes #lovedelayedstarts	Alarm	39.07	-84.56	5km	NA	NA	NA	NA	NA	
1648	160353979514097664	zookery	2012-01-20 08:32	0		Alarm	39.07	-84.56	5km	NA	NA	NA	NA	NA	
1649	283077708504764416	CaitlynwithuhC	2012-12-24 00:12	0		Alarm	39.07	-84.59	5km	NA	NA	NA	NA	NA	
1650	281007257754402816	CaitlynwithuhC	2012-12-18 07:05	0	#tired	Alarm	39.07	-84.59	5km	NA	NA	NA	NA	NA	
1651	268718965960871936	45238	2012-11-14 09:16	0		Alarm	39.07	-84.59	5km	NA	NA	NA	NA	NA	
1652	268337560332423168	BradleyKanter10	2012-11-13 08:00	0		Alarm	39.07	-84.59	5km	NA	NA	NA	NA	NA	
1653	266696101145485312	MBrown2012	2012-11-08 19:18	1		Alarm	39.07	-84.59	5km	NA	NA	NA	NA	NA	
1654	260550098059145216	Saraocope	2012-10-22 21:15	0	#notinthemood	Alarm	39.07	-84.59	5km	NA	NA	NA	NA	NA	
1655	258883551536226304	CaitlynwithuhC	2012-10-18 06:53	0	#ilovesleep	Alarm	39.07	-84.59	5km	NA	NA	NA	NA	NA	
1656	253525060504125440	KaylaCole88	2012-10-03 12:00	0		Alarm	39.07	-84.59	5km	NA	NA	NA	NA	NA	
1657	241545067062497280	Saraocope	2012-08-31 10:36	0	#sosleepy #notahappycamper	Alarm	39.07	-84.59	5km	NA	NA	NA	NA	NA	
1658	215640698219806720	k8efisher	2012-06-20 23:02	0	#night	Alarm	39.07	-84.59	5km	NA	NA	NA	NA	NA	
1659	184767624457109505	AlexLogan859	2012-03-27 18:23	0		Alarm	39.07	-84.59	5km	NA	NA	NA	NA	NA	
1660	164755953806352384	AlexLogan859	2012-02-01 12:04	0		Alarm	39.07	-84.59	5km	NA	NA	NA	NA	NA	
1661	207165975190179841	gmann6448	2012-05-28 13:46	0		Alarm	39.07	-84.62	5km	NA	NA	NA	NA	NA	
1662	188952049159897088	45233	2012-04-08 07:30	0		Alarm	39.07	-84.65	5km	NA	NA	NA	NA	NA	
1663	188231920608485376	ChloChloTurner	2012-04-06 07:49	0		Alarm	39.07	-84.65	5km	NA	NA	NA	NA	NA	
1664	271656058299224064	madelinedags	2012-11-22 11:47	0	#loveyou #missedyou	Alarm	39.09	-84.35	5km	NA	NA	NA	NA	NA	
1665	256719076276183040	annabananaboat	2012-10-12 07:32	0		Alarm	39.09	-84.41	5km	NA	NA	NA	NA	NA	
1666	239756967659331584	jhartattack	2012-08-26 12:11	0		Alarm	39.09	-84.44	5km	NA	NA	NA	NA	NA	
1667	192407725307727872	profoundlylucky	2012-04-17 20:22	0		Alarm	39.09	-84.44	5km	NA	NA	NA	NA	NA	
1668	188117501006200833	iGotTheMacSauce	2012-04-06 00:14	3	#WeCantHaveSexIf	Alarm	39.09	-84.44	5km	NA	NA	NA	NA	NA	
1669	280605040262127616	OverDressdJo	2012-12-17 04:27	0		Alarm	39.09	-84.47	5km	NA	NA	NA	NA	NA	
1670	251285709623803904	TNVaught	2012-09-27 07:42	0		Alarm	39.09	-84.47	5km	NA	NA	NA	NA	NA	
1671	242745493648711683	NImBeautiful	2012-09-03 18:06	0		Alarm	39.09	-84.47	5km	NA	NA	NA	NA	NA	
1672	240809979706241024	CarrieLBartels	2012-08-29 09:55	0	#RudeAwakening	Alarm	39.09	-84.47	5km	NA	NA	NA	NA	NA	
1673	217974828320309248	QueenReese24_	2012-06-27 09:37	0		Alarm	39.09	-84.47	5km	NA	NA	NA	NA	NA	
1674	182431836163670016	_gayleeee	2012-03-21 07:41	0		Alarm	39.09	-84.47	5km	NA	NA	NA	NA	NA	
1675	179169705746116608	drj16	2012-03-12 07:39	0	#VegasBachelorette #fb	Alarm	39.09	-84.47	5km	NA	NA	NA	NA	NA	
1676	279940960614490113	nickmoscato	2012-12-15 08:28	0		Alarm	39.09	-84.5	5km	NA	NA	NA	NA	NA	
1677	278365238775136257	mckenziefinchum	2012-12-11 00:06	0		Alarm	39.09	-84.5	5km	NA	NA	NA	NA	NA	
1678	278145626485690369	AllKeith12	2012-12-10 09:34	1		Alarm	39.09	-84.5	5km	NA	NA	NA	NA	NA	
1679	277695945339187201	zjohns93	2012-12-09 03:47	0	#greatnight	Alarm	39.09	-84.5	5km	NA	NA	NA	NA	NA	
1680	276940853682003969	dev_x3ferrante	2012-12-07 01:46	0	#realworldproblems	Alarm	39.09	-84.5	5km	NA	NA	NA	NA	NA	
1681	276670106015244288	KareLofquist16	2012-12-06 07:51	0		Alarm	39.09	-84.5	5km	NA	NA	NA	NA	NA	
1682	276371455690809345	bassthesnake	2012-12-05 12:04	0		Alarm	39.09	-84.5	5km	NA	NA	NA	NA	NA	
1683	275826362454007808	salenabean18	2012-12-03 23:58	0		Alarm	39.09	-84.5	5km	NA	NA	NA	NA	NA	
1684	275485041323278336	HannahClaire__	2012-12-03 01:22	0	#loud #annoying #cliftonprobz	Alarm	39.09	-84.5	5km	NA	NA	NA	NA	NA	
1685	270750241651822593	AnnaNorman	2012-11-19 23:47	0		Alarm	39.09	-84.5	5km	NA	NA	NA	NA	NA	
1686	269469676596236288	salenabean18	2012-11-16 10:59	1		Alarm	39.09	-84.5	5km	NA	NA	NA	NA	NA	
1687	266986942040768512	sarahnicole0731	2012-11-09 14:33	0	#justmyluck	Alarm	39.09	-84.5	5km	NA	NA	NA	NA	NA	
1688	266525752500047872	KaitlynEleanor	2012-11-08 08:01	0		Alarm	39.09	-84.5	5km	NA	NA	NA	NA	NA	
1689	266351510374453249	QueenReese24_	2012-11-07 20:28	0		Alarm	39.09	-84.5	5km	NA	NA	NA	NA	NA	
1690	264314717210828800	rea_fulton	2012-11-02 06:35	0	#nosleepever	Alarm	39.09	-84.5	5km	NA	NA	NA	NA	NA	
1691	263499342181175296	Goergen1	2012-10-31 00:35	1		Alarm	39.09	-84.5	5km	NA	NA	NA	NA	NA	
1692	263290245947219968	heyy_ber	2012-10-30 10:44	0	#imtryingtosleep	Alarm	39.09	-84.5	5km	NA	NA	NA	NA	NA	
1693	262817331741327362	Wolfyie	2012-10-29 03:25	0		Alarm	39.09	-84.5	5km	NA	NA	NA	NA	NA	
1694	260715438667882496	L_Boogie513	2012-10-23 08:12	0		Alarm	39.09	-84.5	5km	NA	NA	NA	NA	NA	
1695	258539313585868800	shelbyborgelt	2012-10-17 08:05	0		Alarm	39.09	-84.5	5km	NA	NA	NA	NA	NA	
1696	256803960986419200	rea_fulton	2012-10-12 13:10	0		Alarm	39.09	-84.5	5km	NA	NA	NA	NA	NA	
1697	256021267386339329	KVA_alltheway	2012-10-10 09:20	0		Alarm	39.09	-84.5	5km	NA	NA	NA	NA	NA	
1698	253544549157322753	derrrak	2012-10-03 13:18	1	#ThingsThatMakeMeMad #sonofabitch #dammit	Alarm	39.09	-84.5	5km	NA	NA	NA	NA	NA	
1699	253126818469658625	AllKeith12	2012-10-02 09:38	0		Alarm	39.09	-84.5	5km	NA	NA	NA	NA	NA	
1700	269153807760519168	AmeliaBedelia15	2012-11-15 14:04	0		Alarm	39.09	-84.53	5km	NA	NA	NA	NA	NA	
1701	263962777817862144	45214	2012-11-01 07:16	0		Alarm	39.09	-84.53	5km	NA	NA	NA	NA	NA	
1702	250954832024850432	smellsg00d	2012-09-26 09:47	0	#LG	Alarm	39.09	-84.53	5km	NA	NA	NA	NA	NA	
1703	277935050169925632	miss_nayz	2012-12-09 19:37	0	#lazyish	Alarm	39.09	-84.56	5km	NA	NA	NA	NA	NA	
1704	277163548923281408	__Dmontay__	2012-12-07 16:31	0		Alarm	39.09	-84.56	5km	NA	NA	NA	NA	NA	
1705	266889817474887680	sammwilhelm	2012-11-09 08:07	0		Alarm	39.09	-84.56	5km	NA	NA	NA	NA	NA	
1706	255638986259824640	_emiliemax_	2012-10-09 08:00	0		Alarm	39.09	-84.56	5km	NA	NA	NA	NA	NA	
1707	245861651457396737	mlem389	2012-09-12 08:29	0	#late	Alarm	39.09	-84.56	5km	NA	NA	NA	NA	NA	
1708	236960425688838144	BodyGuyIM	2012-08-18 18:59	0		Alarm	39.09	-84.56	5km	NA	NA	NA	NA	NA	
1709	236485094473355266	emmmrusss	2012-08-17 11:30	0		Alarm	39.09	-84.56	5km	NA	NA	NA	NA	NA	
1710	233668740045238273	topix_oh	2012-08-09 16:59	0	#Cincinnati #Ohio	Alarm	39.09	-84.56	5km	NA	NA	NA	NA	NA	
1711	267267817739542528	PhillipRomeo87	2012-11-10 09:09	0		Alarm	39.09	-84.59	5km	NA	NA	NA	NA	NA	
1712	247832032401559553	wellinghoffa_	2012-09-17 18:58	0		Alarm	39.09	-84.59	5km	NA	NA	NA	NA	NA	
1713	228313279519420416	Catandrice	2012-07-25 22:18	0		Alarm	39.09	-84.59	5km	NA	NA	NA	NA	NA	
1714	221436528000380929	I_AmDatGuy25	2012-07-06 22:52	1		Alarm	39.09	-84.59	5km	NA	NA	NA	NA	NA	
1715	188658448026714113	ECottieTHE_Body	2012-04-07 12:04	0		Alarm	39.09	-84.59	5km	NA	NA	NA	NA	NA	
1716	182707363780890624	ECottieTHE_Body	2012-03-22 01:56	2		Alarm	39.09	-84.59	5km	NA	NA	NA	NA	NA	
1717	191697000813707266	tammy_toe14	2012-04-15 21:18	0	#thingsEdithsays	Alarm	39.09	-84.62	5km	NA	NA	NA	NA	NA	
1718	177990656910835712	kac4509	2012-03-09 00:34	0	#hopeitsworthit	Alarm	39.11	-84.35	5km	NA	NA	NA	NA	NA	
1719	200302799936954369	rainybay12	2012-05-09 15:14	0		Alarm	39.11	-84.38	5km	NA	NA	NA	NA	NA	
1720	269680002574983169	JennySeif	2012-11-17 00:54	0		Alarm	39.11	-84.41	5km	NA	NA	NA	NA	NA	
1721	257793650795364354	jdorts	2012-10-15 06:42	0		Alarm	39.11	-84.41	5km	NA	NA	NA	NA	NA	
1722	249102221046853632	jenny_hinton	2012-09-21 07:06	0		Alarm	39.11	-84.41	5km	NA	NA	NA	NA	NA	
1723	241932029648830465	stuu_chainz	2012-09-01 12:14	0	#shitchrissays	Alarm	39.11	-84.41	5km	NA	NA	NA	NA	NA	
1724	230277481364606976	JFray6	2012-07-31 08:23	1		Alarm	39.11	-84.41	5km	NA	NA	NA	NA	NA	
1725	208022094389329920	NaturallyNati	2012-05-30 22:28	0	#summertimeproblems	Alarm	39.11	-84.41	5km	NA	NA	NA	NA	NA	
1726	179922440007327745	45208	2012-03-14 09:30	0		Alarm	39.11	-84.41	5km	NA	NA	NA	NA	NA	
1727	178257019495653376	hit3klowlife	2012-03-09 18:12	0		Alarm	39.11	-84.41	5km	NA	NA	NA	NA	NA	
1728	284936661475942400	UCPharmD13	2012-12-29 03:19	0		Alarm	39.11	-84.44	5km	NA	NA	NA	NA	NA	
1729	282626276144082944	Brianna_Mykal	2012-12-22 18:18	0		Alarm	39.11	-84.44	5km	NA	NA	NA	NA	NA	
1730	258859698323873792	mg_sillies	2012-10-18 05:18	0	#whatismybodythinking	Alarm	39.11	-84.44	5km	NA	NA	NA	NA	NA	
1731	250748920668516353	meghansav	2012-09-25 20:09	0	#onhold #15minutes	Alarm	39.11	-84.44	5km	NA	NA	NA	NA	NA	
1732	245948003406475264	young_cheesegod	2012-09-12 14:12	0		Alarm	39.11	-84.44	5km	NA	NA	NA	NA	NA	
1733	243426184162074625	young_cheesegod	2012-09-05 15:11	0		Alarm	39.11	-84.44	5km	NA	NA	NA	NA	NA	
1734	175855084155056128	Court_Pendleton	2012-03-03 03:08	0		Alarm	39.11	-84.44	5km	NA	NA	NA	NA	NA	
1735	173592203329941504	45206	2012-02-25 21:16	0		Alarm	39.11	-84.44	5km	NA	NA	NA	NA	NA	
1736	173592199987085314	45206	2012-02-25 21:16	0		Alarm	39.11	-84.44	5km	NA	NA	NA	NA	NA	
1737	166485044389613568	CallMe_BigPapa_	2012-02-06 06:35	0		Alarm	39.11	-84.44	5km	NA	NA	NA	NA	NA	
1738	165036410372501504	CallMe_BigPapa_	2012-02-02 06:38	1		Alarm	39.11	-84.44	5km	NA	NA	NA	NA	NA	
1739	278142343788523522	tarakate927	2012-12-10 09:21	1	#dontwanttostudy	Alarm	39.11	-84.47	5km	NA	NA	NA	NA	NA	
1740	273043708277039104	topix_oh	2012-11-26 07:41	0	#Cincinnati #Ohio	Alarm	39.11	-84.47	5km	NA	NA	NA	NA	NA	
1741	261840697332744192	Bobby_BoucherJr	2012-10-26 10:44	0		Alarm	39.11	-84.47	5km	NA	NA	NA	NA	NA	
1742	255081647920271360	Goergen1	2012-10-07 19:06	0		Alarm	39.11	-84.47	5km	NA	NA	NA	NA	NA	
1743	252757259254386688	lalalinzard	2012-10-01 09:10	0	#shutup #nothappy #imtired #itsmonday	Alarm	39.11	-84.47	5km	NA	NA	NA	NA	NA	
1744	278048351835021312	tholsapple	2012-12-10 03:07	0		Alarm	39.11	-84.5	5km	NA	NA	NA	NA	NA	
1745	272906677546795009	babyysoap	2012-11-25 22:36	0	#noooooo #crying	Alarm	39.11	-84.53	5km	NA	NA	NA	NA	NA	
1746	258918851348140032	sammwilhelm	2012-10-18 09:13	0	#thankgod #worktime	Alarm	39.11	-84.56	5km	NA	NA	NA	NA	NA	
1747	256372475523383296	nullkhfsa	2012-10-11 08:35	0		Alarm	39.11	-84.59	5km	NA	NA	NA	NA	NA	
1748	250923289579499521	Strong_Enough_1	2012-09-26 07:42	0		Alarm	39.11	-84.59	5km	NA	NA	NA	NA	NA	
1749	239020047471874048	_Treys_Angel_	2012-08-24 11:23	0		Alarm	39.11	-84.59	5km	NA	NA	NA	NA	NA	
1750	231273688299884545	Aries41388	2012-08-03 02:21	0		Alarm	39.11	-84.59	5km	NA	NA	NA	NA	NA	
1751	223242596225519616	_LookBackAtIt_	2012-07-11 22:29	0		Alarm	39.11	-84.59	5km	NA	NA	NA	NA	NA	
1752	219433808901054464	_racquelrenee	2012-07-01 10:14	0		Alarm	39.11	-84.59	5km	NA	NA	NA	NA	NA	
1753	216206090575151104	Beatrix_Kiddo14	2012-06-22 12:28	0		Alarm	39.11	-84.59	5km	NA	NA	NA	NA	NA	
1754	216197560824635392	nullkhfsa	2012-06-22 11:54	0		Alarm	39.11	-84.59	5km	NA	NA	NA	NA	NA	
1755	205016539747975169	PoeticPorter	2012-05-22 15:25	0		Alarm	39.11	-84.59	5km	NA	NA	NA	NA	NA	
1756	197817878739812352	theetuhvondneal	2012-05-02 18:40	0		Alarm	39.11	-84.59	5km	NA	NA	NA	NA	NA	
1757	255621258056720384	Ninaaaaa_14	2012-10-09 06:50	0		Alarm	39.11	-84.62	5km	NA	NA	NA	NA	NA	
1758	250537827408945153	Ninaaaaa_14	2012-09-25 06:10	0		Alarm	39.11	-84.62	5km	NA	NA	NA	NA	NA	
1759	171935247494164481	CincinnatiMade	2012-02-21 07:32	0	#RandomTweet	Alarm	39.11	-84.62	5km	NA	NA	NA	NA	NA	
1760	163829641663098880	WinterAutumn417	2012-01-29 22:43	0	#HonestHour	Alarm	39.11	-84.62	5km	NA	NA	NA	NA	NA	
1761	245255737343885312	allihauer	2012-09-10 16:21	0		Alarm	39.11	-84.65	5km	NA	NA	NA	NA	NA	
1762	243444279618437120	allihauer	2012-09-05 16:23	0	#DebbieDowner	Alarm	39.11	-84.65	5km	NA	NA	NA	NA	NA	
1763	238101502923767809	NicoleCraig7	2012-08-21 22:33	1	#itsofficial #schooltomorrow	Alarm	39.11	-84.65	5km	NA	NA	NA	NA	NA	
1764	281044397162897408	MRS0569	2012-12-18 09:33	0		Alarm	39.13	-84.35	5km	NA	NA	NA	NA	NA	
1765	255001250779787264	GetYoRichez	2012-10-07 13:46	0		Alarm	39.13	-84.35	5km	NA	NA	NA	NA	NA	
1766	179922444004495360	45227	2012-03-14 09:30	0		Alarm	39.13	-84.35	5km	NA	NA	NA	NA	NA	
1767	277944989277900800	hi_im_erint	2012-12-09 20:17	0	#fb #one	Alarm	39.13	-84.38	5km	NA	NA	NA	NA	NA	
1768	179922440078635008	45209	2012-03-14 09:30	0		Alarm	39.13	-84.38	5km	NA	NA	NA	NA	NA	
1769	264446588250902528	EMPRYL	2012-11-02 15:19	0		Alarm	39.13	-84.41	5km	NA	NA	NA	NA	NA	
1770	248334376587390976	hrmallon	2012-09-19 04:15	0		Alarm	39.13	-84.41	5km	NA	NA	NA	NA	NA	
1771	156970874027786240	S0phiekiDD	2012-01-11 00:29	0		Alarm	39.13	-84.41	5km	NA	NA	NA	NA	NA	
1772	278865278107013120	iGotTheTea1	2012-12-12 09:13	0		Alarm	39.13	-84.44	5km	NA	NA	NA	NA	NA	
1773	266560543102492673	gabbiemost	2012-11-08 10:19	0		Alarm	39.13	-84.44	5km	NA	NA	NA	NA	NA	
1774	248774730079936512	ShelbyShadrick	2012-09-20 09:24	0	#notnice	Alarm	39.13	-84.44	5km	NA	NA	NA	NA	NA	
1775	248760022966890497	RobbyyyRobb	2012-09-20 08:26	0		Alarm	39.13	-84.44	5km	NA	NA	NA	NA	NA	
1776	245947723919011840	young_cheesegod	2012-09-12 14:11	0		Alarm	39.13	-84.44	5km	NA	NA	NA	NA	NA	
1777	240198909216051200	LastKingJulio	2012-08-27 17:27	0		Alarm	39.13	-84.44	5km	NA	NA	NA	NA	NA	
1778	237541520234926082	GetYoRichez	2012-08-20 09:28	0		Alarm	39.13	-84.44	5km	NA	NA	NA	NA	NA	
1779	218518825958785026	klalbs	2012-06-28 21:38	0	#hassel	Alarm	39.13	-84.44	5km	NA	NA	NA	NA	NA	
1780	208052153397428224	Amazing_Myracle	2012-05-31 00:27	0		Alarm	39.13	-84.44	5km	NA	NA	NA	NA	NA	
1781	207672976349478912	Amazing_Myracle	2012-05-29 23:21	0		Alarm	39.13	-84.44	5km	NA	NA	NA	NA	NA	
1782	197750112213143552	jmconley72	2012-05-02 14:11	0		Alarm	39.13	-84.44	5km	NA	NA	NA	NA	NA	
1783	196417658562940928	ryan_alleman	2012-04-28 21:56	0		Alarm	39.13	-84.44	5km	NA	NA	NA	NA	NA	
1784	187312155962507264	AubieJo	2012-04-03 18:54	0		Alarm	39.13	-84.44	5km	NA	NA	NA	NA	NA	
1785	280870844920655872	Hoeh_Anna	2012-12-17 22:03	0		Alarm	39.13	-84.47	5km	NA	NA	NA	NA	NA	
1786	280870596647211008	Hoeh_Anna	2012-12-17 22:02	0		Alarm	39.13	-84.47	5km	NA	NA	NA	NA	NA	
1787	280232409478340608	ShaiBands3x	2012-12-16 03:46	0		Alarm	39.13	-84.47	5km	NA	NA	NA	NA	NA	
1788	263977548868882433	45223	2012-11-01 08:15	0		Alarm	39.13	-84.53	5km	NA	NA	NA	NA	NA	
1789	272889789802479616	halesbutler	2012-11-25 21:29	0		Alarm	39.13	-84.59	5km	NA	NA	NA	NA	NA	
1790	221182374770245633	KolinKoehl	2012-07-06 06:02	0		Alarm	39.13	-84.59	5km	NA	NA	NA	NA	NA	
1791	187112939684245504	margaretmcb	2012-04-03 05:42	0	#fml	Alarm	39.13	-84.62	5km	NA	NA	NA	NA	NA	
1792	250186148125761536	Rachel_Reif	2012-09-24 06:53	0	#whoops	Alarm	39.13	-84.65	5km	NA	NA	NA	NA	NA	
1793	279753238897623042	chillphil15	2012-12-14 20:02	0	#FUKYEA	Alarm	39.15	-84.35	5km	NA	NA	NA	NA	NA	
1794	279807763830423552	annasyoung	2012-12-14 23:39	0	#noshame	Alarm	39.15	-84.38	5km	NA	NA	NA	NA	NA	
1795	217450391556726784	SirLownAlot	2012-06-25 22:53	0		Alarm	39.15	-84.38	5km	NA	NA	NA	NA	NA	
1796	161980993564192769	GONZO_BOOKCUMIN	2012-01-24 20:17	0		Alarm	39.15	-84.38	5km	NA	NA	NA	NA	NA	
1797	270742160675053568	Laikyn_M	2012-11-19 23:15	0	#morestudying	Alarm	39.15	-84.41	5km	NA	NA	NA	NA	NA	
1798	264900288702455808	Laikyn_M	2012-11-03 21:22	0	#medvettour	Alarm	39.15	-84.41	5km	NA	NA	NA	NA	NA	
1799	177667606604550147	_callme_kg	2012-03-08 03:10	0		Alarm	39.15	-84.41	5km	NA	NA	NA	NA	NA	
1800	158010536930455553	Nikka_2x	2012-01-13 21:20	0		Alarm	39.15	-84.41	5km	NA	NA	NA	NA	NA	
1801	247651884981178368	getatit_2times	2012-09-17 07:03	0		Alarm	39.15	-84.44	5km	NA	NA	NA	NA	NA	
1802	212674801507110912	1stLadyConey	2012-06-12 18:36	0		Alarm	39.15	-84.44	5km	NA	NA	NA	NA	NA	
1803	191723178580643841	CallMe_BigPapa_	2012-04-15 23:02	2		Alarm	39.15	-84.44	5km	NA	NA	NA	NA	NA	
1804	188873076761559040	45217	2012-04-08 02:17	0		Alarm	39.15	-84.44	5km	NA	NA	NA	NA	NA	
1805	276278745965404160	HrecomestheSun	2012-12-05 05:56	0		Alarm	39.15	-84.56	5km	NA	NA	NA	NA	NA	
1806	250263659719319555	alex_blanke	2012-09-24 12:01	0	#mylife	Alarm	39.15	-84.56	5km	NA	NA	NA	NA	NA	
1807	248446420502335488	sarahnicole0731	2012-09-19 11:40	0	#letsbeseriousrightnow	Alarm	39.15	-84.56	5km	NA	NA	NA	NA	NA	
1808	278340556768296960	Smurden14	2012-12-10 22:28	0	#AtColerain	Alarm	39.15	-84.59	5km	NA	NA	NA	NA	NA	
1809	253494803575218177	D_Rew12	2012-10-03 10:00	0		Alarm	39.15	-84.59	5km	NA	NA	NA	NA	NA	
1810	208944158268866561	BlkBlonde_chick	2012-06-02 11:32	0		Alarm	39.15	-84.59	5km	NA	NA	NA	NA	NA	
1811	208407094402105344	_LovingMyNaomi_	2012-05-31 23:58	0		Alarm	39.15	-84.59	5km	NA	NA	NA	NA	NA	
1812	166884235314081792	gosarge	2012-02-07 09:01	0		Alarm	39.15	-84.59	5km	NA	NA	NA	NA	NA	
1813	166590454475915264	PureIllmatic	2012-02-06 13:33	0		Alarm	39.15	-84.59	5km	NA	NA	NA	NA	NA	
1814	259749251557511168	jessesteinman	2012-10-20 16:13	0		Alarm	39.17	-84.35	5km	NA	NA	NA	NA	NA	
1815	254338450906566656	elephant_hooves	2012-10-05 17:53	0		Alarm	39.17	-84.35	5km	NA	NA	NA	NA	NA	
1816	270532518485303297	shaylagram	2012-11-19 09:22	0		Alarm	39.17	-84.38	5km	NA	NA	NA	NA	NA	
1817	180445265969414145	CallMe_BigPapa_	2012-03-15 20:07	0		Alarm	39.17	-84.41	5km	NA	NA	NA	NA	NA	
1818	154862900455018498	mzdee1920	2012-01-05 04:52	0		Alarm	39.17	-84.41	5km	NA	NA	NA	NA	NA	
1819	240066212581748736	tokeitout_91	2012-08-27 08:40	0		Alarm	39.17	-84.44	5km	NA	NA	NA	NA	NA	
1820	200216338575269889	Ice_Man_Papi	2012-05-09 09:31	0	#Excuses #shrugs	Alarm	39.17	-84.44	5km	NA	NA	NA	NA	NA	
1821	234107371524329472	ChlosterSays	2012-08-10 22:02	0		Alarm	39.17	-84.47	5km	NA	NA	NA	NA	NA	
1822	232275494169616384	SydneeBlue	2012-08-05 20:42	0		Alarm	39.17	-84.47	5km	NA	NA	NA	NA	NA	
1823	228660624987664384	My_Bird_Tweets	2012-07-26 21:18	2	#2ChainzBack2SchoolLyrics	Alarm	39.17	-84.47	5km	NA	NA	NA	NA	NA	
1824	276191505062961153	_SelfMadeDreams	2012-12-05 00:09	0		Alarm	39.17	-84.5	5km	NA	NA	NA	NA	NA	
1825	248263464844402689	kali_brie	2012-09-18 23:33	0	#bestfeeling	Alarm	39.17	-84.53	5km	NA	NA	NA	NA	NA	
1826	247710876558319616	tholsapple	2012-09-17 10:57	0	#college	Alarm	39.17	-84.53	5km	NA	NA	NA	NA	NA	
1827	247348009791275009	samanthalynn513	2012-09-16 10:55	0	#seriously	Alarm	39.17	-84.53	5km	NA	NA	NA	NA	NA	
1828	245901671987806208	xgabranthx	2012-09-12 11:08	0		Alarm	39.17	-84.53	5km	NA	NA	NA	NA	NA	
1829	245235119789572097	prettyynae_	2012-09-10 14:59	0		Alarm	39.17	-84.53	5km	NA	NA	NA	NA	NA	
1830	244674308717285379	MrsBearcat27	2012-09-09 01:51	0	#blondetweet	Alarm	39.17	-84.53	5km	NA	NA	NA	NA	NA	
1831	241181392036302848	KatitaMartina	2012-08-30 10:31	0		Alarm	39.17	-84.53	5km	NA	NA	NA	NA	NA	
1832	240414603526410240	NathanHatton1	2012-08-28 07:44	0	#GoodDay	Alarm	39.17	-84.53	5km	NA	NA	NA	NA	NA	
1833	257411219101732864	_courtney_0	2012-10-14 05:23	0		Alarm	39.17	-84.56	5km	NA	NA	NA	NA	NA	
1834	234763835729408000	_SelfMadeDreams	2012-08-12 17:30	0		Alarm	39.17	-84.56	5km	NA	NA	NA	NA	NA	
1835	229900943376912385	baker2sl	2012-07-30 07:27	0	#nosleep	Alarm	39.17	-84.56	5km	NA	NA	NA	NA	NA	
1836	208196024999743491	BlkBlonde_chick	2012-05-31 09:59	0		Alarm	39.17	-84.56	5km	NA	NA	NA	NA	NA	
1837	206360754700554241	BitchhhWhatttt	2012-05-26 08:26	0		Alarm	39.17	-84.56	5km	NA	NA	NA	NA	NA	
1838	181277613908692992	eddiesmith513	2012-03-18 03:15	0		Alarm	39.17	-84.56	5km	NA	NA	NA	NA	NA	
1839	181276099727196160	eddiesmith513	2012-03-18 03:09	0		Alarm	39.17	-84.56	5km	NA	NA	NA	NA	NA	
1840	175314593164431361	45232	2012-03-01 15:20	0		Alarm	39.17	-84.56	5km	NA	NA	NA	NA	NA	
1841	207074765918322688	kthomp21	2012-05-28 07:44	0	#donewiththat	Alarm	39.17	-84.59	5km	NA	NA	NA	NA	NA	
1842	205977855165861888	kthomp21	2012-05-25 07:05	1		Alarm	39.17	-84.59	5km	NA	NA	NA	NA	NA	
1843	248033925841170432	MommaKeil	2012-09-18 08:21	0		Alarm	39.17	-84.62	5km	NA	NA	NA	NA	NA	
1844	156585356207206400	leahobert	2012-01-09 22:57	0	#whoops	Alarm	39.17	-84.62	5km	NA	NA	NA	NA	NA	
1845	237822831277273088	jcjester28	2012-08-21 04:05	0	#makeitstop	Alarm	39.17	-84.65	5km	NA	NA	NA	NA	NA	
1846	236662284125085696	FinEdChat	2012-08-17 23:14	3	#soschat #edchat #edreform	Alarm	39.19	-84.35	5km	NA	NA	NA	NA	NA	
1847	232210833436995584	lkohmescher	2012-08-05 16:25	0	#thatawkwardmoment	Alarm	39.19	-84.35	5km	NA	NA	NA	NA	NA	
1848	258981586203181056	KelsFa16	2012-10-18 13:23	4		Alarm	39.19	-84.38	5km	NA	NA	NA	NA	NA	
1849	198411264651821057	Zach_Wagner11	2012-05-04 09:58	0		Alarm	39.19	-84.38	5km	NA	NA	NA	NA	NA	
1850	160325163970334722	TylerMahan	2012-01-20 06:37	0	#PissedTweet	Alarm	39.19	-84.38	5km	NA	NA	NA	NA	NA	
1851	261115109068374018	HAYPEZ	2012-10-24 10:41	0	#NotEvenMad	Alarm	39.19	-84.41	5km	NA	NA	NA	NA	NA	
1852	254245925378220032	topix_oh	2012-10-05 11:45	0	#Sharonville #Ohio	Alarm	39.19	-84.41	5km	NA	NA	NA	NA	NA	
1853	243545508923187200	JacobHice8	2012-09-05 23:05	0	#Lazy	Alarm	39.19	-84.44	5km	NA	NA	NA	NA	NA	
1854	175377604252147713	45216	2012-03-01 19:30	0		Alarm	39.19	-84.44	5km	NA	NA	NA	NA	NA	
1855	181705415837499392	Biggg_Meeech	2012-03-19 07:35	0		Alarm	39.19	-84.47	5km	NA	NA	NA	NA	NA	
1856	170679911940489217	cdiddy513	2012-02-17 20:23	0	#RagingTooHard	Alarm	39.19	-84.47	5km	NA	NA	NA	NA	NA	
1857	168007543539499009	pficus	2012-02-10 11:24	0		Alarm	39.19	-84.47	5km	NA	NA	NA	NA	NA	
1858	279182345368662016	_RicoDeLaCruz_	2012-12-13 06:13	1		Alarm	39.19	-84.5	5km	NA	NA	NA	NA	NA	
1859	277620509959667713	sbrockhuis_	2012-12-08 22:47	0	#WhoDey	Alarm	39.19	-84.5	5km	NA	NA	NA	NA	NA	
1860	272740008396484608	KJoBehrle	2012-11-25 11:34	1	#ThatsWhenYouKnow	Alarm	39.19	-84.5	5km	NA	NA	NA	NA	NA	
1861	264566846521479169	KamChance	2012-11-02 23:17	0		Alarm	39.19	-84.5	5km	NA	NA	NA	NA	NA	
1862	256814723532726272	missamazen	2012-10-12 13:52	0	#muchneededrest	Alarm	39.19	-84.5	5km	NA	NA	NA	NA	NA	
1863	181147612135694337	KPdaGunslanga	2012-03-17 18:38	0		Alarm	39.19	-84.5	5km	NA	NA	NA	NA	NA	
1864	258057752004411392	carriesample	2012-10-16 00:12	0		Alarm	39.19	-84.53	5km	NA	NA	NA	NA	NA	
1865	257912729015300096	margaretmcb	2012-10-15 14:36	0		Alarm	39.19	-84.53	5km	NA	NA	NA	NA	NA	
1866	257675526829920256	warrencampbell5	2012-10-14 22:53	1		Alarm	39.19	-84.53	5km	NA	NA	NA	NA	NA	
1867	245730578840834048	9thstreetjakub	2012-09-11 23:48	0		Alarm	39.19	-84.53	5km	NA	NA	NA	NA	NA	
1868	220709217286365186	I_Am_Stan	2012-07-04 22:42	0		Alarm	39.19	-84.53	5km	NA	NA	NA	NA	NA	
1869	190786776632279040	_Timovia	2012-04-13 09:01	0		Alarm	39.19	-84.53	5km	NA	NA	NA	NA	NA	
1870	190786484931010560	_Timovia	2012-04-13 09:00	0		Alarm	39.19	-84.53	5km	NA	NA	NA	NA	NA	
1871	177018548198178816	H0LLIEW00D	2012-03-06 08:11	0		Alarm	39.19	-84.53	5km	NA	NA	NA	NA	NA	
1872	283211574372601856	CoachKlotz	2012-12-24 09:04	0	#sootired	Alarm	39.19	-84.56	5km	NA	NA	NA	NA	NA	
1873	269278488358432768	LeoRunTheWorld_	2012-11-15 22:19	0	#RealFiend	Alarm	39.19	-84.56	5km	NA	NA	NA	NA	NA	
1874	240795876233183232	patrickCwright	2012-08-29 08:59	0		Alarm	39.19	-84.56	5km	NA	NA	NA	NA	NA	
1875	238505757656621056	hoggiiiloveme	2012-08-23 01:19	0		Alarm	39.19	-84.56	5km	NA	NA	NA	NA	NA	
1876	235760372353744898	B_LV_YSL_	2012-08-15 11:30	0		Alarm	39.19	-84.56	5km	NA	NA	NA	NA	NA	
1877	198631288079519745	KumarTheStarrr	2012-05-05 00:32	0	#TheTruth	Alarm	39.19	-84.56	5km	NA	NA	NA	NA	NA	
1878	169047743321481216	__sheLOYAL	2012-02-13 08:18	0	#Fml	Alarm	39.19	-84.56	5km	NA	NA	NA	NA	NA	
1879	278160753884815360	Twist_Burr	2012-12-10 10:34	3		Alarm	39.19	-84.59	5km	NA	NA	NA	NA	NA	
1880	271602816395665408	SarahGrothjan	2012-11-22 08:15	1		Alarm	39.19	-84.59	5km	NA	NA	NA	NA	NA	
1881	199358327182991364	JenaMarie513	2012-05-07 00:41	1	#fml	Alarm	39.19	-84.59	5km	NA	NA	NA	NA	NA	
1882	277473630265430017	ThatOneEuropean	2012-12-08 13:04	1	#SillyMeg	Alarm	39.19	-84.62	5km	NA	NA	NA	NA	NA	
1883	253839168088711168	jesineaves	2012-10-04 08:49	0		Alarm	39.19	-84.65	5km	NA	NA	NA	NA	NA	
1884	179212283845681152	court_estridge	2012-03-12 10:28	1	#sb2k12	Alarm	39.19	-84.65	5km	NA	NA	NA	NA	NA	
1885	228624009120579587	dchillysauce	2012-07-26 18:53	0	#thatsnow	Alarm	39.21	-84.35	5km	NA	NA	NA	NA	NA	
1886	190051339777228802	BruskMacaroon41	2012-04-11 08:19	0	#anotherFestivusmiracle	Alarm	39.21	-84.35	5km	NA	NA	NA	NA	NA	
1887	259974131284582400	maflagler	2012-10-21 07:07	0		Alarm	39.21	-84.41	5km	NA	NA	NA	NA	NA	
1888	265648703308713984	FreeNoSocks	2012-11-05 21:56	1		Alarm	39.21	-84.44	5km	NA	NA	NA	NA	NA	
1889	236036401458737152	FreeNoSocks	2012-08-16 05:47	1		Alarm	39.21	-84.44	5km	NA	NA	NA	NA	NA	
1890	167135825920933888	IamMrZone15	2012-02-08 01:41	0		Alarm	39.21	-84.44	5km	NA	NA	NA	NA	NA	
1891	218584217997684736	JacobHice8	2012-06-29 01:58	0	#NoWorries	Alarm	39.21	-84.47	5km	NA	NA	NA	NA	NA	
1892	252595075748622339	_4TONA	2012-09-30 22:25	0		Alarm	39.21	-84.53	5km	NA	NA	NA	NA	NA	
1893	252222591245373440	_4TONA	2012-09-29 21:45	0		Alarm	39.21	-84.53	5km	NA	NA	NA	NA	NA	
1894	248413932992200704	prettyundataka	2012-09-19 09:31	0		Alarm	39.21	-84.53	5km	NA	NA	NA	NA	NA	
1895	233583869792747521	meowinara	2012-08-09 11:21	0		Alarm	39.21	-84.56	5km	NA	NA	NA	NA	NA	
1896	170522971000152064	jspears8	2012-02-17 10:00	0		Alarm	39.21	-84.56	5km	NA	NA	NA	NA	NA	
1897	169732523046346752	iLixxxClits	2012-02-15 05:39	0		Alarm	39.21	-84.56	5km	NA	NA	NA	NA	NA	
1898	244033177264463873	jessrosselot	2012-09-07 07:23	0	#fuckyou	Alarm	39.21	-84.59	5km	NA	NA	NA	NA	NA	
1899	242643524418416640	xmorgsx1	2012-09-03 11:21	2		Alarm	39.21	-84.59	5km	NA	NA	NA	NA	NA	
1900	233767612704751616	Shilora_Henny	2012-08-09 23:31	0		Alarm	39.21	-84.59	5km	NA	NA	NA	NA	NA	
